㐽	H亻风
㐾	H亻元
㐿	H亻手
㑀	H亻太
㑅	H亻Z𠂉上
㑆	H亻兄
㑈	H亻东
㑎	H亻Z巛山
㑑	H亻自
㑓	
㑔	
㑕	
㑖	
㑠	
㑡	
㑢	
㑨	
㑩	
㑪	
㑫	
㑬	
㑭	
㑲	
㑸	
㒎	
㒏	
㒐	
㒗	
㒘	
㒢	
㒣	
㒨	
㒪	
㒫	
㒬	
㒮	
㒯	
㒱	
㒷	
㒺	
㓀	
㓆	
㓇	
㓉	
㓍	
㓎	
㓒	
㓕	
㓙	
㓛	
㓥	
㓫	
㓰	
㓿	
㔈	
㔉	
㔔	
㔕	
㔖	
㔘	
㔚	
㔛	
㔟	
㔫	
㔲	
㔺	
㕀	
㕔	
㕘	
㕝	
㕼	
㕾	
㕿	
㖈	
㖉	
㖊	
㖋	
㖌	
㖎	
㖙	
㖚	
㖛	
㖜	
㖝	
㖬	
㖯	
㖰	
㖲	
㖳	
㖴	
㗄	
㗎	
㗏	
㗐	
㗝	
㗞	
㗟	
㗠	
㗡	
㗮	
㗯	
㗷	
㗸	
㗹	
㗺	
㘄	
㘏	
㘒	
㘘	
㘟	
㘮	
㘯	
㘼	
㘾	
㙋	
㙌	
㙒	
㙚	
㙜	
㙦	
㙧	
㙭	
㙵	
㙽	
㙿	
㛂	
㛃	
㛟	
㛠	
㛡	
㛢	
㛣	
㛤	
㛽	
㛿	
㜀	
㜁	
㜔	
㜟	
㜢	
㜬	
㜭	
㜶	
㜼	
㝆	
㝍	
㝙	
㝳	
㝷	
㝽	
㞍	
㞑	
㞝	
㞡	
㞮	
㞯	
㟆	
㟕	
㟡	
㟣	
㟥	
㟳	
㠃	
㠘	
㠞	
㠤	
㠨	
㠫	
㠬	
㠰	
㠳	
㡃	
㡆	
㡌	
㡍	
㡎	
㡡	
㡣	
㡤	
㡧	
㡪	
㡬	
㡮	
㢇	
㢌	
㢕	
㢘	
㢜	
㢢	
㢤	
㢫	
㢱	
㢳	
㢷	
㢹	
㢿	
㣏	
㣕	
㣖	
㣗	
㣡	
㣧	
㣨	
㣩	
㣮	
㣳	
㣴	
㣸	
㣹	
㤀	
㤗	
㤤	
㤪	
㤭	
㤼	
㤽	
㥗	
㥘	
㥙	
㥡	
㥪	
㥫	
㥷	
㥻	
㦈	
㦐	
㦙	
㦠	
㦤	
㦦	
㦧	
㦯	
㦲	
㦳	
㧉	
㧑	
㧛	
㧝	
㧞	
㧠	
㧩	
㧰	
㧿	
㨈	
㨊	
㨏	
㨓	
㨗	
㨘	
㨤	
㨫	
㨬	
㨲	
㨾	
㩀	
㩁	
㩂	
㩅	
㩊	
㩏	
㩐	
㩑	
㩗	
㩦	
㩫	
㩮	
㩰	
㩶	
㩹	
㪂	
㪗	
㪘	
㪙	
㪪	
㪲	
㪳	
㫁	
㫆	
㫇	
㫈	
㫉	
㫌	
㫖	
㫣	
㫪	
㫬	
㫭	
㫮	
㫾	
㫿	
㬀	
㬄	
㬑	
㬖	
㬞	
㬧	
㬨	
㬪	
㬷	
㬺	
㬻	
㬽	
㬾	
㭀	
㭅	
㭆	
㭍	
㭏	
㭐	
㭖	
㭗	
㭚	
㭣	
㭤	
㭥	
㭦	
㭧	
㭳	
㭴	
㭵	
㭶	
㭷	
㮆	
㮉	
㮜	
㮟	
㮠	
㮢	
㮱	
㮷	
㮼	
㮽	
㯑	
㯒	
㯞	
㯦	
㯧	
㯨	
㯯	
㯴	
㯵	
㯼	
㯽	
㰇	
㰓	
㰜	
㰟	
㰸	
㱎	
㱐	
㱑	
㱓	
㱜	
㱝	
㱩	
㱷	
㲊	
㲐	
㲑	
㲠	
㲩	
㲮	
㲿	
㳉	
㳓	
㳔	
㳕	
㳗	
㳟	
㳡	
㳢	
㳣	
㳤	
㳬	
㳱	
㳲	
㳳	
㳴	
㳺	
㳿	
㴀	
㴁	
㴃	
㴄	
㴅	
㴋	
㴌	
㴍	
㴏	
㴕	
㴞	
㴟	
㴠	
㴡	
㴢	
㴣	
㴤	
㴴	
㴹	
㴺	
㴻	
㵁	
㵄	
㵇	
㵈	
㵉	
㵚	
㵛	
㵜	
㵥	
㵫	
㵮	
㵼	
㶂	
㶃	
㶉	
㶊	
㶋	
㶐	
㶕	
㶙	
㶚	
㶜	
㶝	
㶢	
㶩	
㶪	
㶱	
㶶	
㶷	
㶸	
㶽	
㷁	
㷌	
㷏	
㷐	
㷔	
㷗	
㷚	
㷛	
㷜	
㷝	
㷞	
㷡	
㷣	
㷧	
㷨	
㷩	
㷪	
㷯	
㷱	
㷲	
㷸	
㷹	
㷺	
㷽	
㸀	
㸃	
㸆	
㸉	
㸔	
㸴	
㸷	
㸿	
㹈	
㹙	
㹩	
㹰	
㺆	
㺇	
㺍	
㺙	
㺦	
㺯	
㺶	
㺸	
㺻	
㺼	
㺽	
㺾	
㻄	
㻅	
㻆	
㻇	
㻈	
㻏	
㻐	
㻘	
㻙	
㻚	
㻛	
㻜	
㻟	
㻢	
㻣	
㻤	
㻥	
㻦	
㻨	
㻩	
㻪	
㻳	
㻴	
㻹	
㻻	
㻼	
㼀	
㼁	
㼂	
㼃	
㼅	
㼆	
㽏	
㽔	
㽗	
㽶	
㽼	
㾛	
㾱	
㾲	
㾳	
㿁	
㿂	
㿆	
㿈	
㿐	
㿜	
䀇	
䀋	
䀌	
䀝	
䀥	
䀨	
䀾	
䁀	
䁉	
䁞	
䁡	
䁧	
䂋	
䂘	
䂨	
䂵	
䃃	
䃄	
䃅	
䃆	
䃐	
䃟	
䃨	
䃯	
䃼	
䄅	
䄆	
䄊	
䄐	
䄕	
䄗	
䄞	
䄣	
䄴	
䄵	
䄹	
䅈	
䅉	
䅩	
䅪	
䅫	
䆆	
䆇	
䆋	
䆌	
䆩	
䆴	
䆿	
䇄	
䇊	
䇟	
䇱	
䇳	
䇴	
䇿	
䈛	
䈨	
䈩	
䈿	
䉇	
䉐	
䉚	
䉟	
䉣	
䉤	
䉭	
䉱	
䊃	
䊌	
䊢	
䊨	
䊹	
䋅	
䋆	
䋇	
䋝	
䋞	
䋯	
䋲	
䌓	
䌠	
䌱	
䌶	
䌸	
䌹	
䌺	
䌻	
䌼	
䌽	
䌾	
䌿	
䍀	
䍁	
䍏	
䍞	
䍠	
䎐	
䎛	
䎞	
䎥	
䎯	
䎲	
䏋	
䏓	
䏞	
䏭	
䏮	
䐅	
䑃	
䑒	
䑓	
䑕	
䑖	
䑮	
䑷	
䑾	
䒄	
䒙	
䒮	
䒯	
䒷	
䒻	
䒿	
䓀	
䓁	
䓓	
䓔	
䓕	
䓨	
䓩	
䓬	
䓸	
䓻	
䔊	
䔘	
䔢	
䔤	
䔦	
䔧	
䔨	
䔩	
䔫	
䕂	
䕃	
䕎	
䕐	
䕛	
䕜	
䕝	
䕥	
䕫	
䕮	
䖬	
䖭	
䖹	
䖾	
䗖	
䗭	
䗳	
䗴	
䗻	
䘖	
䘗	
䘛	
䘞	
䘠	
䘧	
䘮	
䘲	
䙃	
䙊	
䙋	
䙍	
䙓	
䙝	
䙣	
䙨	
䙩	
䙫	
䙶	
䙻	
䚌	
䚤	
䛓	
䛝	
䛧	
䛶	
䛼	
䜀	
䜥	
䜧	
䜿	
䝂	
䝉	
䝙	
䞊	
䢄	
䪣	
䰗	
豈	
更	
車	
賈	
滑	
串	
句	
龜	
龜	
契	
金	
喇	
奈	
懶	
癩	
羅	
蘿	
螺	
裸	
邏	
樂	
洛	
烙	
珞	
落	
酪	
駱	
亂	
卵	
欄	
爛	
蘭	
鸞	
嵐	
濫	
藍	
襤	
拉	
臘	
蠟	
廊	
朗	
浪	
狼	
郎	
來	
冷	
勞	
擄	
櫓	
爐	
盧	
老	
蘆	
虜	
路	
露	
魯	
鷺	
碌	
祿	
綠	
菉	
錄	
鹿	
論	
壟	
弄	
籠	
聾	
牢	
磊	
賂	
雷	
壘	
屢	
樓	
淚	
漏	
累	
縷	
陋	
勒	
肋	
凜	
凌	
稜	
綾	
菱	
陵	
讀	
拏	
樂	
諾	
丹	
寧	
怒	
率	
異	
北	
磻	
便	
復	
不	
泌	
數	
索	
參	
塞	
省	
葉	
說	
殺	
辰	
沈	
拾	
若	
掠	
略	
亮	
兩	
凉	
梁	
糧	
良	
諒	
量	
勵	
呂	
女	
廬	
旅	
濾	
礪	
閭	
驪	
麗	
黎	
力	
曆	
歷	
轢	
年	
憐	
戀	
撚	
漣	
煉	
璉	
秊	
練	
聯	
輦	
蓮	
連	
鍊	
列	
劣	
咽	
烈	
裂	
說	
廉	
念	
捻	
殮	
簾	
獵	
令	
囹	
寧	
嶺	
怜	
玲	
瑩	
羚	
聆	
鈴	
零	
靈	
領	
例	
禮	
醴	
隸	
惡	
了	
僚	
寮	
尿	
料	
樂	
燎	
療	
蓼	
遼	
龍	
暈	
阮	
劉	
杻	
柳	
流	
溜	
琉	
留	
硫	
紐	
類	
六	
戮	
陸	
倫	
崙	
淪	
輪	
律	
慄	
栗	
率	
隆	
利	
吏	
履	
易	
李	
梨	
泥	
理	
痢	
罹	
裏	
裡	
里	
離	
匿	
溺	
吝	
燐	
璘	
藺	
隣	
鱗	
麟	
林	
淋	
臨	
立	
笠	
粒	
狀	
炙	
識	
什	
茶	
刺	
切	
度	
拓	
糖	
宅	
洞	
暴	
輻	
行	
降	
見	
廓	
兀	
嗀	
﨎	
﨏	
塚	
﨑	
晴	
﨓	
﨔	
凞	
猪	
益	
礼	
神	
祥	
福	
靖	
精	
羽	
﨟	
蘒	
﨡	
諸	
﨣	
﨤	
逸	
都	
﨧	
﨨	
﨩	
飯	
飼	
館	
鶴	
侮	
僧	
免	
勉	
勤	
卑	
喝	
嘆	
器	
塀	
墨	
層	
屮	
悔	
慨	
憎	
懲	
敏	
既	
暑	
梅	
海	
渚	
漢	
煮	
爫	
琢	
碑	
社	
祉	
祈	
祐	
祖	
祝	
禍	
禎	
穀	
突	
節	
練	
縉	
繁	
署	
者	
臭	
艹	
艹	
著	
褐	
視	
謁	
謹	
賓	
贈	
辶	
逸	
難	
響	
頻	
並	
况	
全	
侀	
充	
冀	
勇	
勺	
喝	
啕	
喙	
嗢	
塚	
墳	
奄	
奔	
婢	
嬨	
廒	
廙	
彩	
徭	
惘	
慎	
愈	
憎	
慠	
懲	
戴	
揄	
搜	
摒	
敖	
晴	
朗	
望	
杖	
歹	
殺	
流	
滛	
滋	
漢	
瀞	
煮	
瞧	
爵	
犯	
猪	
瑱	
甆	
画	
瘝	
瘟	
益	
盛	
直	
睊	
着	
磌	
窱	
節	
类	
絛	
練	
缾	
者	
荒	
華	
蝹	
襁	
覆	
視	
調	
諸	
請	
謁	
諾	
諭	
謹	
變	
贈	
輸	
遲	
醙	
鉶	
陼	
難	
靖	
韛	
響	
頋	
頻	
鬒	
龜	
𢡊	
𢡄	
𣏕	
㮝	
䀘	
䀹	
𥉉	
𥳐	
𧻓	
齃	
龎	
𠀅	
𠀔	
𠀖	
𠀗	
𠀙	
𠀚	
𠀛	
𠀜	
𠀞	
𠀣	
𠀩	
𠀪	
𠀫	
𠀮	
𠀵	
𠀸	
𠁖	
𠁬	
𠁮	
𠁵	
𠁶	
𠂁	
𠂗	
𠂘	
𠂙	
𠂚	
𠂜	
𠂥	
𠂧	
𠂮	
𠂰	
𠂴	
𠂵	
𠂸	
𠂻	
𠂽	
𠃁	
𠃃	
𠃇	
𠃈	
𠃕	
𠃫	
𠃹	
𠄂	
𠄄	
𠄊	
𠄋	
𠄍	
𠄑	
𠄚	
𠄛	
𠄝	
𠄣	
𠄫	
𠄷	
𠄸	
𠄹	
𠅁	
𠅂	
𠅆	
𠅊	
𠅑	
𠅓	
𠅕	
𠅘	
𠅙	
𠅝	
𠅠	
𠅢	
𠅣	
𠅤	
𠅥	
𠅧	
𠅨	
𠅪	
𠅬	
𠅭	
𠅰	
𠅲	
𠅴	
𠅷	
𠅺	
𠅻	
𠅼	
𠅽	
𠅾	
𠆀	
𠆃	
𠆄	
𠆅	
𠆉	
𠆋	
𠆏	
𠆑	
𠆖	
𠆘	
𠆝	
𠆟	
𠆠	
𠆡	
𠆧	
𠆱	
𠇇	
𠇪	
𠇫	
𠈕	
𠉁	
𠉅	
𠉎	
𠉔	
𠉙	
𠉝	
𠉭	
𠊍	
𠊦	
𠋋	
𠋍	
𠋐	
𠋑	
𠋓	
𠋗	
𠋜	
𠋾	
𠌀	
𠌆	
𠌉	
𠌌	
𠌏	
𠌐	
𠌑	
𠌒	
𠌗	
𠌚	
𠌞	
𠌺	
𠍋	
𠍑	
𠍘	
𠍚	
𠍝	
𠍟	
𠍧	
𠍩	
𠍳	
𠍶	
𠍺	
𠎂	
𠎃	
𠎇	
𠎕	
𠎖	
𠎗	
𠎘	
𠎚	
𠎡	
𠎣	
𠎰	
𠎱	
𠏂	
𠏇	
𠏈	
𠏊	
𠏌	
𠏎	
𠏏	
𠏐	
𠏑	
𠏒	
𠏕	
𠏖	
𠏛	
𠏝	
𠏞	
𠏟	
𠏠	
𠏤	
𠏥	
𠏦	
𠏨	
𠏩	
𠏫	
𠏱	
𠏽	
𠏾	
𠐂	
𠐄	
𠐜	
𠐪	
𠐫	
𠐬	
𠐭	
𠐮	
𠐯	
𠐰	
𠐱	
𠐷	
𠐹	
𠑃	
𠑅	
𠑆	
𠑏	
𠑚	
𠑛	
𠑜	
𠑝	
𠑞	
𠑠	
𠑡	
𠑢	
𠑣	
𠑮	
𠑳	
𠑶	
𠑸	
𠑼	
𠑿	
𠒁	
𠒃	
𠒅	
𠒇	
𠒈	
𠒊	
𠒔	
𠒘	
𠒞	
𠓆	
𠓳	
𠔆	
𠔇	
𠔉	
𠔋	
𠔎	
𠔐	
𠔓	
𠔛	
𠔜	
𠔝	
𠔞	
𠔠	
𠔥	
𠔩	
𠔰	
𠔲	
𠕂	
𠕍	
𠕏	
𠕑	
𠕓	
𠕗	
𠕘	
𠕙	
𠕚	
𠕛	
𠕜	
𠕞	
𠕢	
𠕤	
𠕬	
𠕮	
𠕯	
𠕱	
𠖁	
𠖍	
𠖚	
𠖜	
𠖠	
𠖧	
𠖵	
𠖸	
𠗀	
𠗁	
𠗑	
𠗦	
𠗩	
𠗭	
𠗱	
𠘀	
𠘄	
𠘑	
𠘜	
𠘨	
𠘰	
𠘴	
𠘵	
𠘷	
𠘹	
𠘽	
𠘿	
𠙀	
𠙃	
𠙄	
𠙅	
𠙊	
𠙌	
𠙍	
𠙐	
𠙑	
𠙓	
𠙔	
𠙕	
𠙗	
𠙘	
𠙙	
𠙛	
𠙜	
𠙝	
𠙠	
𠙡	
𠙢	
𠙣	
𠙥	
𠙦	
𠙧	
𠙨	
𠙩	
𠙪	
𠙫	
𠙬	
𠙭	
𠙮	
𠙯	
𠙰	
𠙱	
𠙲	
𠙳	
𠙽	
𠚂	
𠚈	
𠚋	
𠚎	
𠚐	
𠚓	
𠚔	
𠚕	
𠚖	
𠚗	
𠚙	
𠚚	
𠚜	
𠚝	
𠚞	
𠚟	
𠚠	
𠚡	
𠚢	
𠚤	
𠛆	
𠛕	
𠛘	
𠛚	
𠛛	
𠛦	
𠛲	
𠛷	
𠛹	
𠛻	
𠛽	
𠜇	
𠜋	
𠜌	
𠜏	
𠜝	
𠜞	
𠜡	
𠜢	
𠜣	
𠜦	
𠜪	
𠜫	
𠜽	
𠝀	
𠝂	
𠝄	
𠝅	
𠝆	
𠝇	
𠝈	
𠝉	
𠝊	
𠝋	
𠝌	
𠝍	
𠝏	
𠝓	
𠝔	
𠝕	
𠝖	
𠝗	
𠝛	
𠝠	
𠝦	
𠝧	
𠝪	
𠝫	
𠝭	
𠝮	
𠝯	
𠝱	
𠝴	
𠝹	
𠝺	
𠝻	
𠝼	
𠝾	
𠞋	
𠞍	
𠞑	
𠞒	
𠞓	
𠞔	
𠞚	
𠞝	
𠞟	
𠞠	
𠞡	
𠞢	
𠞲	
𠞳	
𠞵	
𠞷	
𠞸	
𠞹	
𠞺	
𠞼	
𠞿	
𠟀	
𠟁	
𠟅	
𠟔	
𠟖	
𠟗	
𠟘	
𠟜	
𠟝	
𠟤	
𠟥	
𠟮	
𠟱	
𠟲	
𠟳	
𠟵	
𠟷	
𠟸	
𠟹	
𠟼	
𠟽	
𠠂	
𠠃	
𠠆	
𠠇	
𠠈	
𠠉	
𠠌	
𠠓	
𠠖	
𠠟	
𠠤	
𠡀	
𠡅	
𠡌	
𠡔	
𠡱	
𠡹	
𠡿	
𠢀	
𠢁	
𠢂	
𠢄	
𠢅	
𠢊	
𠢋	
𠢐	
𠢑	
𠢖	
𠢘	
𠢝	
𠢞	
𠢟	
𠢨	
𠢫	
𠢯	
𠢰	
𠢴	
𠢷	
𠢻	
𠢼	
𠢾	
𠣁	
𠣂	
𠣅	
𠣊	
𠣋	
𠣌	
𠣐	
𠣓	
𠣛	
𠣝	
𠣠	
𠣡	
𠣧	
𠣨	
𠣲	
𠣶	
𠣷	
𠣺	
𠣻	
𠣼	
𠣽	
𠤀	
𠤁	
𠤂	
𠤃	
𠤄	
𠤆	
𠤇	
𠤈	
𠤌	
𠤔	
𠤖	
𠤛	
𠤜	
𠤝	
𠤞	
𠤠	
𠤡	
𠤣	
𠤤	
𠤥	
𠤧	
𠤨	
𠤩	
𠤪	
𠤭	
𠤶	
𠤺	
𠤽	
𠥂	
𠥄	
𠥅	
𠥈	
𠥏	
𠥔	
𠥗	
𠥘	
𠥛	
𠥝	
𠥞	
𠥟	
𠥠	
𠥡	
𠥤	
𠥥	
𠥭	
𠥲	
𠥳	
𠥴	
𠥵	
𠥷	
𠥸	
𠥹	
𠥼	
𠦁	
𠦇	
𠦉	
𠦑	
𠦔	
𠦕	
𠦖	
𠦛	
𠦞	
𠦟	
𠦠	
𠦡	
𠦢	
𠦤	
𠦥	
𠦦	
𠦨	
𠦩	
𠦭	
𠦯	
𠦰	
𠦱	
𠦳	
𠦵	
𠦶	
𠦸	
𠦹	
𠦺	
𠦻	
𠦼	
𠦽	
𠦾	
𠦿	
𠧀	
𠧁	
𠧂	
𠧆	
𠧉	
𠧊	
𠧋	
𠧌	
𠧍	
𠧎	
𠧏	
𠧐	
𠧑	
𠧘	
𠧜	
𠧝	
𠧡	
𠧣	
𠧤	
𠧥	
𠧦	
𠧬	
𠧭	
𠧮	
𠧯	
𠧰	
𠧲	
𠧳	
𠧷	
𠧹	
𠧺	
𠧻	
𠧼	
𠧽	
𠧿	
𠨀	
𠨁	
𠨂	
𠨅	
𠨆	
𠨇	
𠨈	
𠨉	
𠨌	
𠨔	
𠨖	
𠨗	
𠨙	
𠨝	
𠨞	
𠨡	
𠨦	
𠨨	
𠨩	
𠨪	
𠨰	
𠨷	
𠨼	
𠨽	
𠩀	
𠩄	
𠩅	
𠩇	
𠩌	
𠩍	
𠩎	
𠩐	
𠩑	
𠩒	
𠩔	
𠩖	
𠩛	
𠩟	
𠩡	
𠩢	
𠩣	
𠩤	
𠩧	
𠩩	
𠩮	
𠩯	
𠩰	
𠩲	
𠩳	
𠩴	
𠩶	
𠩼	
𠩽	
𠩾	
𠪀	
𠪁	
𠪈	
𠪌	
𠪍	
𠪎	
𠪏	
𠪒	
𠪓	
𠪕	
𠪖	
𠪗	
𠪛	
𠪟	
𠪠	
𠪢	
𠪤	
𠪦	
𠪧	
𠪫	
𠪬	
𠪭	
𠪰	
𠪱	
𠪲	
𠪳	
𠪴	
𠪵	
𠪶	
𠪸	
𠪹	
𠪻	
𠪼	
𠪽	
𠪾	
𠫀	
𠫁	
𠫂	
𠫃	
𠫄	
𠫅	
𠫆	
𠫇	
𠫈	
𠫊	
𠫎	
𠫏	
𠫒	
𠫙	
𠫚	
𠫜	
𠫟	
𠫡	
𠫢	
𠫧	
𠫨	
𠫩	
𠫪	
𠫮	
𠫱	
𠫲	
𠫴	
𠫸	
𠫺	
𠫼	
𠫾	
𠬀	
𠬂	
𠬃	
𠬄	
𠬅	
𠬆	
𠬉	
𠬊	
𠬋	
𠬌	
𠬏	
𠬐	
𠬒	
𠬓	
𠬔	
𠬕	
𠬖	
𠬗	
𠬘	
𠬠	
𠬡	
𠬤	
𠬯	
𠬳	
𠬴	
𠬵	
𠬶	
𠬷	
𠬺	
𠬻	
𠬼	
𠬽	
𠭃	
𠭄	
𠭅	
𠭉	
𠭌	
𠭐	
𠭑	
𠭒	
𠭓	
𠭕	
𠭗	
𠭚	
𠭝	
𠭞	
𠭟	
𠭠	
𠭡	
𠭢	
𠭤	
𠭧	
𠭩	
𠭪	
𠭫	
𠭬	
𠭭	
𠭮	
𠭱	
𠭲	
𠭳	
𠭵	
𠭶	
𠭸	
𠭻	
𠭼	
𠭽	
𠭾	
𠭿	
𠮀	
𠮁	
𠮂	
𠮅	
𠮇	
𠮈	
𠮉	
𠮋	
𠮍	
𠮎	
𠮏	
𠮒	
𠮓	
𠮔	
𠮗	
𠮘	
𠮝	
𠮥	
𠮩	
𠮪	
𠮶	
𠮷	
𠮸	
𠮹	
𠮺	
𠮻	
𠮼	
𠯁	
𠯃	
𠯅	
𠯆	
𠯇	
𠯏	
𠯟	
𠯠	
𠯡	
𠯢	
𠯣	
𠯤	
𠯥	
𠯦	
𠯧	
𠯨	
𠯬	
𠯷	
𠯸	
𠯺	
𠯻	
𠯼	
𠯽	
𠯾	
𠯿	
𠰀	
𠰁	
𠰂	
𠰃	
𠰆	
𠰇	
𠰖	
𠰗	
𠰜	
𠰟	
𠰠	
𠰡	
𠰢	
𠰣	
𠰤	
𠰥	
𠰦	
𠰧	
𠰨	
𠰩	
𠰪	
𠰫	
𠰬	
𠰭	
𠰮	
𠰯	
𠰰	
𠰱	
𠱁	
𠱂	
𠱃	
𠱄	
𠱅	
𠱆	
𠱇	
𠱈	
𠱉	
𠱊	
𠱋	
𠱌	
𠱍	
𠱎	
𠱏	
𠱐	
𠱟	
𠱧	
𠱨	
𠱩	
𠱪	
𠱬	
𠱰	
𠱱	
𠱵	
𠱶	
𠱷	
𠱸	
𠱹	
𠱺	
𠱻	
𠱽	
𠱾	
𠱿	
𠲀	
𠲁	
𠲂	
𠲃	
𠲄	
𠲅	
𠲆	
𠲇	
𠲈	
𠲉	
𠲊	
𠲐	
𠲑	
𠲙	
𠲝	
𠲞	
𠲟	
𠲠	
𠲡	
𠲢	
𠲣	
𠲤	
𠲥	
𠲦	
𠲧	
𠲨	
𠲪	
𠲫	
𠲬	
𠳉	
𠳏	
𠳑	
𠳒	
𠳓	
𠳔	
𠳕	
𠳖	
𠳗	
𠳘	
𠳙	
𠳚	
𠳛	
𠳜	
𠳝	
𠳞	
𠳟	
𠳠	
𠳡	
𠳢	
𠳣	
𠳤	
𠳥	
𠳦	
𠳧	
𠳨	
𠳩	
𠳪	
𠳴	
𠳸	
𠳻	
𠳽	
𠴀	
𠴁	
𠴃	
𠴉	
𠴊	
𠴋	
𠴌	
𠴍	
𠴎	
𠴏	
𠴐	
𠴑	
𠴒	
𠴓	
𠴔	
𠴕	
𠴖	
𠴗	
𠴘	
𠴙	
𠴚	
𠴛	
𠴜	
𠴝	
𠴞	
𠴟	
𠴠	
𠴣	
𠴤	
𠴥	
𠴬	
𠴯	
𠴴	
𠴶	
𠴷	
𠴺	
𠴽	
𠵄	
𠵅	
𠵆	
𠵇	
𠵈	
𠵉	
𠵋	
𠵌	
𠵍	
𠵎	
𠵏	
𠵐	
𠵑	
𠵒	
𠵓	
𠵔	
𠵕	
𠵖	
𠵗	
𠵘	
𠵙	
𠵚	
𠵛	
𠵜	
𠵝	
𠵞	
𠵟	
𠵠	
𠵢	
𠵧	
𠵪	
𠵭	
𠵰	
𠵶	
𠵺	
𠵽	
𠵾	
𠵿	
𠶀	
𠶁	
𠶂	
𠶃	
𠶄	
𠶅	
𠶆	
𠶇	
𠶈	
𠶉	
𠶊	
𠶋	
𠶌	
𠶍	
𠶎	
𠶏	
𠶐	
𠶑	
𠶒	
𠶓	
𠶔	
𠶕	
𠶖	
𠶗	
𠶘	
𠶙	
𠶚	
𠶛	
𠶜	
𠶝	
𠶞	
𠶟	
𠶠	
𠶡	
𠶢	
𠶣	
𠶤	
𠶥	
𠶦	
𠶩	
𠶪	
𠶫	
𠶬	
𠶭	
𠶮	
𠶯	
𠶰	
𠶳	
𠶵	
𠶶	
𠷄	
𠷍	
𠷒	
𠷔	
𠷙	
𠷚	
𠷠	
𠷡	
𠷢	
𠷤	
𠷥	
𠷦	
𠷧	
𠷨	
𠷩	
𠷪	
𠷫	
𠷬	
𠷭	
𠷮	
𠷯	
𠷰	
𠷱	
𠷲	
𠷳	
𠷴	
𠷵	
𠷶	
𠷷	
𠷼	
𠸀	
𠸅	
𠸇	
𠸈	
𠸉	
𠸊	
𠸋	
𠸌	
𠸍	
𠸎	
𠸏	
𠸐	
𠸑	
𠸒	
𠸓	
𠸔	
𠸕	
𠸖	
𠸗	
𠸘	
𠸙	
𠸚	
𠸛	
𠸜	
𠸝	
𠸞	
𠸟	
𠸠	
𠸡	
𠸢	
𠸣	
𠸤	
𠸥	
𠸦	
𠸧	
𠸨	
𠸩	
𠸪	
𠸫	
𠸬	
𠸱	
𠸲	
𠸴	
𠸵	
𠸼	
𠸽	
𠸾	
𠹉	
𠹓	
𠹘	
𠹝	
𠹞	
𠹠	
𠹢	
𠹦	
𠹧	
𠹨	
𠹫	
𠹬	
𠹭	
𠹮	
𠹯	
𠹰	
𠹱	
𠹲	
𠹳	
𠹴	
𠹵	
𠹶	
𠹷	
𠹸	
𠹹	
𠹺	
𠹼	
𠹽	
𠹾	
𠹿	
𠺀	
𠺁	
𠺂	
𠺃	
𠺄	
𠺅	
𠺆	
𠺇	
𠺈	
𠺉	
𠺊	
𠺋	
𠺌	
𠺍	
𠺑	
𠺛	
𠺞	
𠺠	
𠺥	
𠺦	
𠺧	
𠺨	
𠺩	
𠺪	
𠺫	
𠺬	
𠺭	
𠺮	
𠺯	
𠺰	
𠺱	
𠺲	
𠺳	
𠺴	
𠺵	
𠺶	
𠺷	
𠺸	
𠺹	
𠺺	
𠺻	
𠺼	
𠺽	
𠺾	
𠺿	
𠻀	
𠻁	
𠻂	
𠻃	
𠻄	
𠻅	
𠻆	
𠻇	
𠻈	
𠻉	
𠻊	
𠻋	
𠻌	
𠻍	
𠻏	
𠻑	
𠻒	
𠻓	
𠻔	
𠻙	
𠻡	
𠻫	
𠻰	
𠻲	
𠻳	
𠻵	
𠻷	
𠻸	
𠻹	
𠻺	
𠻻	
𠻼	
𠻽	
𠻾	
𠻿	
𠼀	
𠼁	
𠼂	
𠼃	
𠼄	
𠼅	
𠼆	
𠼇	
𠼈	
𠼉	
𠼊	
𠼋	
𠼌	
𠼍	
𠼎	
𠼏	
𠼐	
𠼑	
𠼒	
𠼓	
𠼔	
𠼛	
𠼜	
𠼟	
𠼠	
𠼣	
𠼥	
𠼧	
𠼭	
𠼮	
𠼯	
𠼰	
𠼱	
𠼲	
𠼳	
𠼴	
𠼵	
𠼶	
𠼷	
𠼸	
𠼹	
𠼺	
𠼻	
𠼼	
𠼽	
𠼾	
𠼿	
𠽀	
𠽁	
𠽂	
𠽃	
𠽄	
𠽅	
𠽆	
𠽇	
𠽈	
𠽉	
𠽊	
𠽋	
𠽌	
𠽍	
𠽎	
𠽏	
𠽐	
𠽑	
𠽒	
𠽓	
𠽔	
𠽕	
𠽖	
𠽗	
𠽘	
𠽙	
𠽚	
𠽛	
𠽜	
𠽞	
𠽟	
𠽠	
𠽣	
𠽥	
𠽨	
𠽫	
𠽭	
𠽲	
𠽳	
𠽵	
𠽹	
𠽽	
𠾃	
𠾄	
𠾆	
𠾇	
𠾈	
𠾋	
𠾌	
𠾍	
𠾎	
𠾑	
𠾒	
𠾓	
𠾔	
𠾕	
𠾖	
𠾗	
𠾘	
𠾙	
𠾚	
𠾛	
𠾜	
𠾝	
𠾞	
𠾟	
𠾠	
𠾡	
𠾩	
𠾪	
𠾭	
𠾮	
𠾯	
𠾰	
𠾴	
𠾵	
𠾶	
𠾷	
𠾸	
𠾹	
𠾺	
𠾻	
𠾼	
𠾽	
𠾾	
𠾿	
𠿀	
𠿁	
𠿂	
𠿃	
𠿄	
𠿆	
𠿌	
𠿓	
𠿔	
𠿖	
𠿡	
𠿧	
𠿩	
𠿪	
𠿫	
𠿬	
𠿭	
𠿮	
𠿯	
𠿰	
𠿱	
𠿲	
𠿳	
𠿴	
𠿵	
𠿶	
𠿷	
𠿸	
𠿹	
𠿺	
𠿻	
𠿼	
𠿽	
𠿾	
𠿿	
𡀀	
𡀁	
𡀂	
𡀃	
𡀄	
𡀅	
𡀆	
𡀇	
𡀈	
𡀉	
𡀊	
𡀋	
𡀌	
𡀍	
𡀎	
𡀏	
𡀕	
𡀚	
𡀝	
𡀞	
𡀟	
𡀠	
𡀡	
𡀢	
𡀣	
𡀤	
𡀥	
𡀦	
𡀧	
𡀨	
𡀩	
𡀪	
𡀫	
𡀬	
𡀭	
𡀮	
𡀯	
𡀰	
𡀱	
𡀲	
𡀳	
𡀴	
𡀵	
𡀶	
𡀷	
𡀻	
𡀼	
𡁂	
𡁄	
𡁊	
𡁐	
𡁑	
𡁖	
𡁗	
𡁙	
𡁚	
𡁛	
𡁜	
𡁝	
𡁞	
𡁟	
𡁠	
𡁡	
𡁢	
𡁣	
𡁤	
𡁥	
𡁦	
𡁪	
𡁫	
𡁯	
𡁰	
𡁲	
𡁵	
𡁶	
𡁷	
𡁸	
𡁹	
𡁺	
𡁻	
𡁼	
𡁽	
𡁾	
𡁿	
𡂀	
𡂁	
𡂂	
𡂃	
𡂄	
𡂅	
𡂆	
𡂇	
𡂈	
𡂉	
𡂊	
𡂌	
𡂍	
𡂎	
𡂗	
𡂚	
𡂛	
𡂜	
𡂞	
𡂢	
𡂣	
𡂤	
𡂥	
𡂦	
𡂧	
𡂪	
𡂬	
𡂭	
𡂮	
𡂯	
𡂰	
𡂱	
𡂲	
𡂳	
𡂴	
𡂵	
𡂶	
𡂷	
𡂸	
𡂹	
𡂺	
𡂻	
𡂼	
𡂽	
𡂾	
𡃀	
𡃁	
𡃂	
𡃇	
𡃈	
𡃉	
𡃊	
𡃋	
𡃌	
𡃍	
𡃎	
𡃏	
𡃐	
𡃑	
𡃒	
𡃓	
𡃔	
𡃕	
𡃖	
𡃗	
𡃘	
𡃙	
𡃚	
𡃛	
𡃜	
𡃟	
𡃠	
𡃨	
𡃬	
𡃮	
𡃰	
𡃱	
𡃲	
𡃴	
𡃵	
𡃶	
𡃸	
𡃹	
𡃺	
𡃻	
𡃼	
𡃽	
𡃾	
𡃿	
𡄀	
𡄁	
𡄂	
𡄃	
𡄄	
𡄅	
𡄆	
𡄉	
𡄊	
𡄋	
𡄌	
𡄍	
𡄎	
𡄏	
𡄐	
𡄒	
𡄙	
𡄚	
𡄜	
𡄝	
𡄞	
𡄦	
𡄧	
𡄨	
𡄩	
𡄪	
𡄫	
𡄬	
𡄭	
𡄮	
𡄯	
𡄰	
𡄼	
𡄽	
𡄾	
𡄿	
𡅀	
𡅁	
𡅃	
𡅈	
𡅉	
𡅊	
𡅋	
𡅌	
𡅍	
𡅎	
𡅏	
𡅐	
𡅑	
𡅒	
𡅓	
𡅔	
𡅕	
𡅗	
𡅛	
𡅜	
𡅝	
𡅞	
𡅟	
𡅠	
𡅢	
𡅣	
𡅤	
𡅦	
𡅧	
𡅨	
𡅩	
𡅪	
𡅫	
𡅬	
𡅯	
𡅱	
𡅲	
𡅳	
𡅴	
𡅷	
𡅸	
𡅾	
𡆀	
𡆁	
𡆂	
𡆃	
𡆄	
𡆅	
𡆇	
𡆈	
𡆉	
𡆊	
𡆋	
𡆌	
𡆍	
𡆏	
𡆒	
𡆓	
𡆖	
𡆗	
𡆘	
𡆙	
𡆚	
𡆛	
𡆜	
𡆞	
𡆟	
𡆢	
𡆫	
𡆬	
𡆭	
𡆷	
𡆹	
𡆺	
𡇉	
𡇋	
𡇏	
𡇐	
𡇕	
𡇗	
𡇙	
𡇜	
𡇡	
𡇣	
𡇥	
𡇦	
𡇩	
𡇫	
𡇬	
𡇭	
𡇱	
𡇴	
𡇷	
𡇺	
𡇻	
𡇾	
𡈁	
𡈂	
𡈃	
𡈄	
𡈇	
𡈈	
𡈌	
𡈑	
𡈒	
𡈔	
𡈖	
𡈘	
𡈚	
𡈛	
𡈜	
𡈝	
𡈞	
𡈡	
𡈣	
𡈥	
𡈧	
𡈩	
𡈪	
𡈫	
𡈬	
𡈱	
𡈷	
𡈺	
𡈽	
𡉀	
𡉁	
𡉂	
𡉋	
𡉌	
𡉍	
𡉏	
𡉕	
𡉖	
𡉛	
𡉜	
𡉞	
𡉟	
𡉠	
𡉡	
𡉢	
𡉤	
𡉥	
𡉦	
𡉧	
𡉮	
𡉳	
𡉶	
𡉸	
𡉻	
𡉽	
𡉾	
𡉿	
𡊈	
𡊌	
𡊐	
𡊑	
𡊒	
𡊓	
𡊔	
𡊕	
𡊖	
𡊗	
𡊘	
𡊙	
𡊚	
𡊩	
𡊬	
𡊰	
𡊱	
𡊲	
𡊳	
𡊹	
𡊽	
𡊿	
𡋀	
𡋁	
𡋂	
𡋃	
𡋄	
𡋅	
𡋆	
𡋇	
𡋈	
𡋉	
𡋊	
𡋋	
𡋌	
𡋍	
𡋎	
𡋏	
𡋐	
𡋒	
𡋓	
𡋔	
𡋕	
𡋖	
𡋗	
𡋜	
𡋞	
𡋠	
𡋣	
𡋤	
𡋥	
𡋦	
𡋨	
𡋩	
𡋪	
𡋫	
𡋮	
𡋰	
𡋶	
𡋸	
𡋹	
𡋺	
𡋻	
𡋼	
𡋽	
𡋾	
𡋿	
𡌀	
𡌁	
𡌂	
𡌃	
𡌄	
𡌅	
𡌆	
𡌇	
𡌈	
𡌉	
𡌊	
𡌋	
𡌌	
𡌍	
𡌎	
𡌏	
𡌐	
𡌒	
𡌖	
𡌙	
𡌛	
𡌜	
𡌝	
𡌞	
𡌠	
𡌡	
𡌢	
𡌣	
𡌨	
𡌬	
𡌱	
𡌵	
𡌶	
𡌷	
𡌸	
𡌹	
𡌺	
𡌻	
𡌼	
𡌽	
𡌾	
𡌿	
𡍀	
𡍁	
𡍂	
𡍃	
𡍄	
𡍅	
𡍆	
𡍇	
𡍈	
𡍉	
𡍊	
𡍐	
𡍑	
𡍔	
𡍕	
𡍗	
𡍘	
𡍙	
𡍚	
𡍛	
𡍜	
𡍝	
𡍞	
𡍟	
𡍠	
𡍡	
𡍢	
𡍣	
𡍤	
𡍱	
𡍳	
𡍴	
𡍷	
𡍸	
𡍹	
𡍺	
𡍼	
𡍽	
𡍾	
𡍿	
𡎀	
𡎁	
𡎂	
𡎃	
𡎄	
𡎅	
𡎆	
𡎇	
𡎓	
𡎕	
𡎗	
𡎙	
𡎛	
𡎜	
𡎝	
𡎞	
𡎟	
𡎠	
𡎡	
𡎢	
𡎣	
𡎤	
𡎥	
𡎦	
𡎧	
𡎪	
𡎭	
𡎱	
𡎽	
𡎾	
𡎿	
𡏃	
𡏄	
𡏅	
𡏆	
𡏇	
𡏈	
𡏉	
𡏊	
𡏋	
𡏌	
𡏍	
𡏎	
𡏏	
𡏐	
𡏑	
𡏒	
𡏓	
𡏔	
𡏕	
𡏙	
𡏠	
𡏡	
𡏢	
𡏣	
𡏤	
𡏥	
𡏦	
𡏧	
𡏨	
𡏪	
𡏫	
𡏬	
𡏰	
𡏳	
𡏵	
𡏶	
𡏷	
𡏸	
𡏹	
𡏺	
𡏻	
𡏽	
𡏾	
𡏿	
𡐀	
𡐁	
𡐂	
𡐃	
𡐄	
𡐅	
𡐆	
𡐇	
𡐈	
𡐉	
𡐍	
𡐎	
𡐏	
𡐐	
𡐑	
𡐕	
𡐗	
𡐘	
𡐙	
𡐚	
𡐜	
𡐝	
𡐟	
𡐢	
𡐥	
𡐧	
𡐩	
𡐪	
𡐫	
𡐬	
𡐭	
𡐮	
𡐯	
𡐰	
𡐱	
𡐲	
𡐳	
𡐴	
𡐵	
𡐶	
𡐷	
𡐸	
𡐹	
𡐺	
𡐻	
𡐼	
𡐽	
𡐿	
𡑃	
𡑅	
𡑒	
𡑓	
𡑔	
𡑕	
𡑖	
𡑗	
𡑘	
𡑙	
𡑜	
𡑝	
𡑥	
𡑧	
𡑨	
𡑩	
𡑪	
𡑫	
𡑬	
𡑭	
𡑮	
𡑰	
𡑱	
𡑲	
𡑳	
𡑴	
𡑵	
𡑸	
𡑹	
𡑺	
𡑻	
𡑼	
𡑽	
𡒀	
𡒁	
𡒅	
𡒇	
𡒋	
𡒏	
𡒑	
𡒒	
𡒔	
𡒕	
𡒗	
𡒘	
𡒙	
𡒚	
𡒛	
𡒜	
𡒝	
𡒞	
𡒟	
𡒠	
𡒡	
𡒢	
𡒣	
𡒦	
𡒧	
𡒪	
𡒫	
𡒬	
𡒭	
𡒮	
𡒰	
𡒴	
𡒵	
𡒶	
𡒷	
𡒸	
𡒹	
𡒺	
𡒻	
𡒼	
𡒽	
𡒾	
𡒿	
𡓁	
𡓂	
𡓃	
𡓄	
𡓅	
𡓆	
𡓇	
𡓈	
𡓉	
𡓋	
𡓌	
𡓎	
𡓏	
𡓓	
𡓕	
𡓗	
𡓙	
𡓛	
𡓞	
𡓟	
𡓠	
𡓡	
𡓢	
𡓥	
𡓧	
𡓨	
𡓩	
𡓪	
𡓫	
𡓬	
𡓮	
𡓯	
𡓷	
𡓸	
𡓹	
𡓺	
𡓻	
𡓼	
𡓽	
𡓾	
𡓿	
𡔀	
𡔂	
𡔃	
𡔄	
𡔅	
𡔈	
𡔌	
𡔍	
𡔎	
𡔐	
𡔑	
𡔒	
𡔔	
𡔖	
𡔘	
𡔚	
𡔝	
𡔟	
𡔠	
𡔡	
𡔢	
𡔥	
𡔦	
𡔧	
𡔨	
𡔬	
𡔭	
𡔮	
𡔲	
𡔳	
𡔶	
𡔹	
𡔺	
𡔻	
𡔼	
𡔽	
𡔾	
𡔿	
𡕀	
𡕂	
𡕃	
𡕈	
𡕉	
𡕊	
𡕋	
𡕌	
𡕍	
𡕓	
𡕙	
𡕜	
𡕤	
𡕥	
𡕦	
𡕫	
𡕯	
𡕱	
𡕲	
𡕳	
𡕴	
𡕵	
𡕷	
𡕸	
𡕺	
𡕻	
𡕼	
𡕽	
𡕾	
𡕿	
𡖀	
𡖁	
𡖍	
𡖏	
𡖕	
𡖖	
𡖗	
𡖘	
𡖙	
𡖡	
𡖥	
𡖦	
𡖭	
𡖮	
𡖰	
𡖱	
𡖴	
𡖵	
𡖷	
𡖸	
𡖼	
𡖽	
𡗀	
𡗂	
𡗃	
𡗄	
𡗅	
𡗇	
𡗈	
𡗉	
𡗊	
𡗋	
𡗎	
𡗐	
𡗑	
𡗔	
𡗖	
𡗗	
𡗘	
𡗙	
𡗣	
𡗤	
𡗩	
𡗪	
𡗫	
𡗬	
𡗭	
𡗮	
𡗯	
𡗱	
𡗶	
𡗽	
𡗿	
𡘀	
𡘁	
𡘊	
𡘋	
𡘑	
𡘒	
𡘓	
𡘔	
𡘕	
𡘖	
𡘗	
𡘘	
𡘟	
𡘠	
𡘢	
𡘣	
𡘤	
𡘥	
𡘦	
𡘮	
𡘯	
𡘱	
𡘳	
𡘹	
𡘽	
𡘾	
𡘿	
𡙃	
𡙅	
𡙆	
𡙌	
𡙍	
𡙏	
𡙚	
𡙝	
𡙞	
𡙟	
𡙠	
𡙡	
𡙢	
𡙥	
𡙦	
𡙧	
𡙨	
𡙪	
𡙫	
𡙯	
𡙰	
𡙱	
𡙲	
𡙳	
𡙴	
𡙵	
𡙹	
𡙺	
𡙼	
𡙽	
𡙾	
𡙿	
𡚂	
𡚃	
𡚄	
𡚅	
𡚋	
𡚎	
𡚏	
𡚐	
𡚒	
𡚓	
𡚖	
𡚘	
𡚙	
𡚚	
𡚛	
𡚝	
𡚞	
𡚡	
𡚢	
𡚣	
𡚥	
𡚦	
𡚩	
𡚪	
𡚫	
𡚰	
𡚱	
𡚲	
𡚳	
𡚴	
𡚵	
𡚿	
𡛀	
𡛁	
𡛂	
𡛃	
𡛄	
𡛅	
𡛆	
𡛇	
𡛈	
𡛉	
𡛊	
𡛋	
𡛐	
𡛓	
𡛔	
𡛕	
𡛣	
𡛤	
𡛥	
𡛦	
𡛧	
𡛨	
𡛩	
𡛪	
𡛫	
𡛬	
𡛭	
𡛮	
𡛯	
𡛰	
𡛱	
𡛲	
𡛳	
𡛴	
𡛷	
𡛹	
𡛺	
𡛻	
𡛼	
𡜃	
𡜅	
𡜈	
𡜏	
𡜐	
𡜑	
𡜒	
𡜓	
𡜔	
𡜕	
𡜖	
𡜗	
𡜘	
𡜙	
𡜞	
𡜤	
𡜪	
𡜫	
𡜴	
𡜷	
𡜹	
𡜺	
𡜻	
𡜼	
𡜽	
𡜾	
𡜿	
𡝀	
𡝁	
𡝂	
𡝃	
𡝄	
𡝅	
𡝆	
𡝇	
𡝑	
𡝔	
𡝕	
𡝖	
𡝗	
𡝘	
𡝙	
𡝛	
𡝜	
𡝟	
𡝡	
𡝤	
𡝥	
𡝬	
𡝭	
𡝮	
𡝯	
𡝰	
𡝱	
𡝳	
𡝴	
𡝵	
𡝶	
𡝷	
𡝸	
𡝹	
𡝺	
𡝻	
𡝼	
𡝽	
𡝾	
𡝿	
𡞀	
𡞁	
𡞂	
𡞃	
𡞄	
𡞅	
𡞆	
𡞇	
𡞈	
𡞉	
𡞊	
𡞋	
𡞌	
𡞎	
𡞐	
𡞑	
𡞔	
𡞕	
𡞖	
𡞗	
𡞛	
𡞤	
𡞨	
𡞬	
𡞮	
𡞰	
𡞱	
𡞲	
𡞳	
𡞴	
𡞵	
𡞶	
𡞷	
𡞸	
𡞹	
𡞺	
𡞻	
𡞼	
𡞽	
𡞾	
𡞿	
𡟀	
𡟁	
𡟂	
𡟃	
𡟄	
𡟅	
𡟆	
𡟇	
𡟈	
𡟉	
𡟊	
𡟋	
𡟏	
𡟒	
𡟘	
𡟙	
𡟚	
𡟛	
𡟜	
𡟡	
𡟢	
𡟤	
𡟧	
𡟮	
𡟵	
𡟶	
𡟷	
𡟸	
𡟹	
𡟺	
𡟻	
𡟼	
𡟽	
𡟾	
𡟿	
𡠀	
𡠁	
𡠂	
𡠃	
𡠄	
𡠅	
𡠇	
𡠉	
𡠌	
𡠎	
𡠐	
𡠑	
𡠒	
𡠔	
𡠕	
𡠘	
𡠡	
𡠣	
𡠦	
𡠧	
𡠨	
𡠩	
𡠪	
𡠫	
𡠬	
𡠭	
𡠮	
𡠯	
𡠰	
𡠱	
𡠲	
𡠳	
𡠴	
𡠵	
𡠶	
𡠸	
𡠺	
𡠻	
𡡄	
𡡅	
𡡆	
𡡇	
𡡋	
𡡌	
𡡎	
𡡘	
𡡜	
𡡝	
𡡞	
𡡠	
𡡡	
𡡢	
𡡣	
𡡤	
𡡦	
𡡧	
𡡨	
𡡩	
𡡪	
𡡫	
𡡬	
𡡭	
𡡮	
𡡯	
𡡰	
𡡱	
𡡲	
𡡳	
𡡴	
𡡵	
𡡶	
𡡷	
𡡸	
𡡻	
𡡼	
𡡽	
𡢁	
𡢂	
𡢃	
𡢄	
𡢅	
𡢆	
𡢊	
𡢌	
𡢍	
𡢎	
𡢏	
𡢐	
𡢑	
𡢒	
𡢔	
𡢙	
𡢛	
𡢜	
𡢝	
𡢞	
𡢟	
𡢠	
𡢡	
𡢢	
𡢣	
𡢤	
𡢥	
𡢦	
𡢧	
𡢨	
𡢩	
𡢪	
𡢫	
𡢬	
𡢭	
𡢮	
𡢯	
𡢳	
𡢵	
𡢺	
𡢻	
𡢼	
𡢽	
𡢾	
𡢿	
𡣁	
𡣂	
𡣄	
𡣅	
𡣇	
𡣊	
𡣌	
𡣍	
𡣎	
𡣏	
𡣑	
𡣓	
𡣔	
𡣕	
𡣖	
𡣗	
𡣘	
𡣙	
𡣚	
𡣛	
𡣜	
𡣝	
𡣞	
𡣟	
𡣣	
𡣥	
𡣧	
𡣨	
𡣬	
𡣯	
𡣲	
𡣳	
𡣴	
𡣵	
𡣹	
𡣺	
𡣻	
𡣼	
𡣿	
𡤁	
𡤂	
𡤃	
𡤄	
𡤅	
𡤆	
𡤇	
𡤊	
𡤍	
𡤐	
𡤑	
𡤒	
𡤓	
𡤔	
𡤕	
𡤗	
𡤘	
𡤜	
𡤝	
𡤟	
𡤠	
𡤦	
𡤧	
𡤩	
𡤪	
𡤫	
𡤰	
𡤴	
𡤷	
𡤺	
𡤻	
𡤼	
𡥂	
𡥄	
𡥅	
𡥇	
𡥉	
𡥊	
𡥋	
𡥌	
𡥍	
𡥏	
𡥒	
𡥓	
𡥔	
𡥕	
𡥖	
𡥗	
𡥙	
𡥚	
𡥟	
𡥠	
𡥡	
𡥢	
𡥣	
𡥤	
𡥥	
𡥫	
𡥬	
𡥮	
𡥯	
𡥰	
𡥱	
𡥲	
𡥴	
𡥵	
𡥷	
𡥻	
𡥼	
𡥽	
𡦂	
𡦇	
𡦈	
𡦉	
𡦋	
𡦐	
𡦒	
𡦓	
𡦖	
𡦗	
𡦚	
𡦣	
𡦤	
𡦥	
𡦦	
𡦧	
𡦫	
𡦬	
𡦭	
𡦮	
𡦯	
𡦰	
𡦲	
𡦳	
𡦴	
𡦵	
𡦶	
𡦷	
𡦸	
𡦹	
𡧀	
𡧁	
𡧂	
𡧃	
𡧄	
𡧅	
𡧆	
𡧇	
𡧐	
𡧑	
𡧕	
𡧖	
𡧘	
𡧛	
𡧜	
𡧝	
𡧞	
𡧟	
𡧠	
𡧥	
𡧧	
𡧬	
𡧲	
𡧳	
𡧴	
𡧵	
𡧶	
𡧷	
𡧸	
𡧿	
𡨈	
𡨊	
𡨋	
𡨌	
𡨍	
𡨎	
𡨏	
𡨐	
𡨑	
𡨓	
𡨔	
𡨘	
𡨙	
𡨜	
𡨞	
𡨡	
𡨣	
𡨨	
𡨪	
𡨫	
𡨬	
𡨭	
𡨮	
𡨯	
𡨰	
𡨱	
𡨳	
𡨴	
𡨷	
𡨸	
𡨹	
𡨺	
𡨿	
𡩂	
𡩅	
𡩇	
𡩊	
𡩋	
𡩍	
𡩎	
𡩏	
𡩐	
𡩑	
𡩒	
𡩓	
𡩔	
𡩕	
𡩖	
𡩜	
𡩝	
𡩞	
𡩠	
𡩦	
𡩪	
𡩬	
𡩭	
𡩮	
𡩯	
𡩰	
𡩱	
𡩲	
𡩳	
𡩴	
𡩸	
𡩻	
𡩼	
𡪇	
𡪈	
𡪉	
𡪊	
𡪋	
𡪌	
𡪍	
𡪎	
𡪐	
𡪒	
𡪓	
𡪕	
𡪗	
𡪚	
𡪜	
𡪝	
𡪢	
𡪥	
𡪦	
𡪧	
𡪨	
𡪩	
𡪪	
𡪫	
𡪬	
𡪭	
𡪮	
𡪰	
𡪹	
𡪻	
𡪼	
𡪽	
𡫁	
𡫃	
𡫆	
𡫇	
𡫈	
𡫉	
𡫊	
𡫋	
𡫌	
𡫍	
𡫎	
𡫏	
𡫐	
𡫓	
𡫔	
𡫕	
𡫖	
𡫗	
𡫘	
𡫙	
𡫚	
𡫜	
𡫝	
𡫠	
𡫡	
𡫢	
𡫣	
𡫤	
𡫧	
𡫨	
𡫩	
𡫪	
𡫫	
𡫭	
𡫮	
𡫰	
𡫲	
𡫵	
𡫶	
𡫷	
𡫹	
𡫻	
𡫾	
𡫿	
𡬀	
𡬈	
𡬋	
𡬏	
𡬓	
𡬔	
𡬕	
𡬛	
𡬢	
𡬣	
𡬥	
𡬨	
𡬩	
𡬮	
𡬷	
𡬸	
𡬼	
𡬿	
𡭃	
𡭄	
𡭅	
𡭆	
𡭉	
𡭒	
𡭔	
𡭖	
𡭜	
𡭡	
𡭦	
𡭧	
𡭨	
𡭬	
𡭰	
𡭱	
𡭲	
𡭵	
𡭶	
𡭺	
𡭻	
𡮂	
𡮃	
𡮄	
𡮅	
𡮆	
𡮇	
𡮈	
𡮉	
𡮊	
𡮋	
𡮌	
𡮍	
𡮏	
𡮒	
𡮓	
𡮔	
𡮖	
𡮗	
𡮘	
𡮛	
𡮜	
𡮝	
𡮟	
𡮠	
𡮡	
𡮣	
𡮤	
𡮨	
𡮩	
𡮪	
𡮫	
𡮬	
𡮭	
𡮮	
𡮯	
𡮰	
𡮲	
𡮳	
𡮴	
𡮵	
𡮶	
𡮷	
𡮸	
𡮹	
𡮺	
𡮼	
𡮽	
𡮾	
𡯀	
𡯃	
𡯅	
𡯆	
𡯓	
𡯔	
𡯞	
𡯟	
𡯡	
𡯢	
𡯦	
𡯪	
𡯬	
𡯭	
𡯮	
𡯯	
𡯲	
𡯶	
𡯸	
𡯹	
𡯼	
𡰂	
𡰊	
𡰍	
𡰏	
𡰔	
𡰕	
𡰖	
𡰙	
𡰜	
𡰡	
𡰢	
𡰣	
𡰧	
𡰰	
𡰷	
𡰹	
𡰺	
𡰿	
𡱃	
𡱄	
𡱓	
𡱔	
𡱕	
𡱖	
𡱗	
𡱘	
𡱙	
𡱚	
𡱛	
𡱤	
𡱦	
𡱨	
𡱩	
𡱪	
𡱫	
𡱬	
𡱭	
𡱮	
𡱲	
𡱴	
𡱶	
𡱸	
𡱹	
𡲂	
𡲄	
𡲅	
𡲆	
𡲇	
𡲈	
𡲉	
𡲊	
𡲋	
𡲍	
𡲑	
𡲒	
𡲓	
𡲔	
𡲖	
𡲗	
𡲜	
𡲞	
𡲠	
𡲡	
𡲢	
𡲤	
𡲥	
𡲦	
𡲧	
𡲨	
𡲫	
𡲯	
𡲱	
𡲴	
𡲵	
𡲶	
𡲷	
𡲸	
𡲹	
𡲺	
𡲻	
𡲽	
𡲿	
𡳀	
𡳁	
𡳃	
𡳈	
𡳉	
𡳊	
𡳋	
𡳎	
𡳏	
𡳒	
𡳓	
𡳔	
𡳕	
𡳖	
𡳗	
𡳘	
𡳙	
𡳛	
𡳜	
𡳝	
𡳟	
𡳡	
𡳢	
𡳣	
𡳤	
𡳥	
𡳦	
𡳩	
𡳪	
𡳭	
𡳰	
𡳱	
𡳲	
𡳳	
𡳴	
𡳵	
𡳶	
𡳷	
𡳹	
𡳺	
𡳽	
𡳿	
𡴈	
𡴉	
𡴌	
𡴒	
𡴓	
𡴔	
𡴖	
𡴙	
𡴜	
𡴝	
𡴞	
𡴟	
𡴡	
𡴢	
𡴣	
𡴧	
𡴨	
𡴩	
𡴬	
𡴴	
𡴵	
𡴶	
𡴷	
𡴾	
𡵁	
𡵂	
𡵃	
𡵄	
𡵅	
𡵆	
𡵇	
𡵈	
𡵐	
𡵟	
𡵠	
𡵡	
𡵢	
𡵣	
𡵤	
𡵥	
𡵦	
𡵧	
𡵨	
𡵩	
𡵪	
𡵫	
𡵲	
𡵵	
𡵸	
𡶀	
𡶁	
𡶔	
𡶕	
𡶖	
𡶗	
𡶘	
𡶙	
𡶚	
𡶛	
𡶜	
𡶝	
𡶞	
𡶟	
𡶠	
𡶡	
𡶨	
𡶮	
𡶳	
𡶴	
𡶵	
𡶶	
𡶷	
𡶸	
𡶹	
𡶺	
𡶻	
𡶼	
𡶽	
𡶾	
𡶿	
𡷀	
𡷁	
𡷂	
𡷃	
𡷄	
𡷉	
𡷊	
𡷑	
𡷔	
𡷮	
𡷯	
𡷰	
𡷱	
𡷲	
𡷳	
𡷴	
𡷵	
𡷶	
𡷷	
𡷹	
𡸅	
𡸆	
𡸇	
𡸋	
𡸍	
𡸎	
𡸏	
𡸐	
𡸓	
𡸔	
𡸛	
𡸝	
𡸡	
𡸦	
𡸭	
𡸮	
𡸯	
𡸰	
𡸱	
𡸲	
𡸳	
𡸴	
𡸶	
𡸷	
𡸸	
𡸹	
𡸺	
𡸻	
𡸼	
𡸽	
𡸾	
𡸿	
𡹀	
𡹁	
𡹂	
𡹅	
𡹊	
𡹍	
𡹎	
𡹏	
𡹑	
𡹒	
𡹕	
𡹖	
𡹞	
𡹟	
𡹠	
𡹡	
𡹥	
𡹨	
𡹯	
𡹱	
𡹻	
𡹽	
𡹿	
𡺀	
𡺁	
𡺂	
𡺃	
𡺄	
𡺇	
𡺈	
𡺉	
𡺊	
𡺋	
𡺌	
𡺍	
𡺎	
𡺏	
𡺒	
𡺕	
𡺛	
𡺜	
𡺤	
𡺥	
𡺦	
𡺧	
𡺨	
𡺩	
𡺰	
𡺳	
𡺻	
𡻀	
𡻁	
𡻂	
𡻃	
𡻄	
𡻅	
𡻆	
𡻇	
𡻌	
𡻏	
𡻓	
𡻔	
𡻕	
𡻖	
𡻛	
𡻫	
𡻲	
𡻳	
𡻵	
𡻶	
𡻷	
𡻸	
𡻹	
𡻼	
𡻽	
𡻾	
𡼀	
𡼇	
𡼈	
𡼑	
𡼒	
𡼘	
𡼙	
𡼛	
𡼜	
𡼞	
𡼟	
𡼠	
𡼡	
𡼢	
𡼣	
𡼤	
𡼥	
𡼦	
𡼧	
𡼨	
𡼩	
𡼪	
𡼷	
𡼸	
𡼹	
𡼺	
𡽃	
𡽋	
𡽌	
𡽍	
𡽎	
𡽒	
𡽔	
𡽚	
𡽜	
𡽥	
𡽨	
𡽩	
𡽪	
𡽫	
𡽭	
𡽮	
𡽯	
𡽰	
𡽷	
𡽼	
𡽾	
𡾀	
𡾁	
𡾂	
𡾃	
𡾆	
𡾎	
𡾛	
𡾠	
𡾡	
𡾢	
𡾣	
𡾤	
𡾫	
𡾬	
𡾭	
𡾳	
𡾴	
𡾵	
𡾶	
𡾾	
𡾿	
𡿂	
𡿅	
𡿆	
𡿈	
𡿌	
𡿍	
𡿑	
𡿒	
𡿗	
𡿙	
𡿚	
𡿛	
𡿟	
𡿤	
𡿫	
𡿬	
𡿰	
𡿲	
𡿳	
𡿸	
𡿹	
𡿻	
𡿼	
𡿽	
𢀀	
𢀁	
𢀂	
𢀃	
𢀄	
𢀅	
𢀆	
𢀇	
𢀈	
𢀉	
𢀊	
𢀎	
𢀏	
𢀐	
𢀓	
𢀔	
𢀖	
𢀛	
𢀝	
𢀟	
𢀢	
𢀤	
𢀥	
𢀦	
𢀧	
𢀨	
𢀪	
𢀫	
𢀬	
𢀭	
𢀮	
𢀯	
𢀰	
𢀱	
𢀲	
𢀳	
𢀺	
𢀻	
𢀽	
𢁃	
𢁄	
𢁆	
𢁇	
𢁈	
𢁉	
𢁊	
𢁋	
𢁍	
𢁎	
𢁏	
𢁑	
𢁛	
𢁜	
𢁡	
𢁤	
𢁲	
𢁶	
𢁸	
𢁹	
𢂇	
𢂈	
𢂉	
𢂌	
𢂎	
𢂛	
𢂜	
𢂞	
𢂟	
𢂠	
𢂡	
𢂢	
𢂣	
𢂩	
𢂫	
𢂬	
𢂭	
𢂮	
𢂸	
𢃁	
𢃂	
𢃃	
𢃄	
𢃇	
𢃈	
𢃉	
𢃊	
𢃌	
𢃛	
𢃝	
𢃞	
𢃟	
𢃠	
𢃡	
𢃨	
𢃵	
𢃷	
𢃹	
𢃻	
𢃼	
𢃽	
𢃾	
𢄀	
𢄁	
𢄂	
𢄃	
𢄄	
𢄅	
𢄆	
𢄈	
𢄕	
𢄖	
𢄙	
𢄚	
𢄛	
𢄝	
𢄥	
𢄨	
𢄩	
𢄪	
𢄫	
𢄮	
𢄯	
𢄰	
𢄾	
𢅃	
𢅄	
𢅅	
𢅆	
𢅇	
𢅌	
𢅓	
𢅖	
𢅘	
𢅢	
𢅣	
𢅥	
𢅧	
𢅬	
𢅰	
𢅱	
𢅲	
𢅳	
𢅵	
𢅶	
𢅷	
𢅿	
𢆀	
𢆁	
𢆂	
𢆆	
𢆇	
𢆈	
𢆍	
𢆏	
𢆐	
𢆒	
𢆓	
𢆕	
𢆗	
𢆘	
𢆙	
𢆚	
𢆠	
𢆡	
𢆢	
𢆤	
𢆥	
𢆦	
𢆧	
𢆨	
𢆩	
𢆪	
𢆫	
𢆭	
𢆮	
𢆵	
𢆹	
𢆺	
𢆾	
𢇃	
𢇆	
𢇉	
𢇊	
𢇋	
𢇎	
𢇏	
𢇐	
𢇖	
𢇡	
𢇢	
𢇬	
𢇭	
𢇱	
𢇼	
𢇽	
𢇾	
𢇿	
𢈀	
𢈁	
𢈃	
𢈄	
𢈍	
𢈎	
𢈏	
𢈐	
𢈑	
𢈖	
𢈗	
𢈘	
𢈤	
𢈧	
𢈨	
𢈮	
𢈱	
𢉄	
𢉇	
𢉈	
𢉉	
𢉊	
𢉋	
𢉌	
𢉍	
𢉎	
𢉏	
𢉐	
𢉓	
𢉔	
𢉗	
𢉫	
𢉮	
𢉯	
𢉰	
𢉱	
𢉲	
𢉹	
𢉼	
𢉽	
𢉾	
𢊂	
𢊈	
𢊉	
𢊊	
𢊋	
𢊌	
𢊎	
𢊐	
𢊑	
𢊓	
𢊔	
𢊝	
𢊞	
𢊟	
𢊠	
𢊡	
𢊢	
𢊣	
𢊤	
𢊥	
𢊦	
𢊨	
𢊩	
𢊫	
𢊬	
𢊭	
𢊳	
𢊴	
𢊵	
𢊶	
𢊷	
𢊸	
𢊹	
𢊺	
𢊻	
𢊿	
𢋁	
𢋈	
𢋉	
𢋋	
𢋌	
𢋍	
𢋎	
𢋏	
𢋐	
𢋒	
𢋓	
𢋕	
𢋖	
𢋗	
𢋘	
𢋚	
𢋜	
𢋟	
𢋠	
𢋤	
𢋥	
𢋦	
𢋫	
𢋬	
𢋭	
𢋮	
𢋲	
𢋳	
𢋴	
𢋵	
𢋶	
𢋷	
𢋹	
𢋽	
𢋾	
𢌀	
𢌂	
𢌅	
𢌆	
𢌉	
𢌊	
𢌋	
𢌌	
𢌎	
𢌏	
𢌐	
𢌓	
𢌕	
𢌖	
𢌗	
𢌘	
𢌙	
𢌜	
𢌟	
𢌠	
𢌡	
𢌢	
𢌣	
𢌤	
𢌥	
𢌦	
𢌧	
𢌩	
𢌪	
𢌫	
𢌬	
𢌶	
𢌹	
𢌽	
𢍂	
𢍊	
𢍋	
𢍐	
𢍒	
𢍖	
𢍗	
𢍛	
𢍟	
𢍠	
𢍤	
𢍦	
𢍩	
𢍪	
𢍬	
𢍮	
𢍳	
𢍴	
𢍵	
𢍷	
𢍸	
𢍹	
𢍾	
𢎈	
𢎊	
𢎞	
𢎬	
𢎯	
𢎰	
𢎱	
𢎲	
𢎶	
𢎼	
𢎾	
𢎿	
𢏀	
𢏃	
𢏊	
𢏋	
𢏌	
𢏍	
𢏏	
𢏐	
𢏑	
𢏒	
𢏓	
𢏛	
𢏠	
𢏡	
𢏢	
𢏣	
𢏫	
𢏲	
𢏸	
𢏹	
𢏺	
𢏻	
𢏾	
𢏿	
𢐅	
𢐆	
𢐇	
𢐉	
𢐍	
𢐏	
𢐑	
𢐖	
𢐗	
𢐘	
𢐝	
𢐢	
𢐣	
𢐬	
𢐭	
𢐮	
𢐯	
𢐰	
𢐳	
𢐴	
𢐵	
𢐶	
𢐺	
𢐽	
𢐾	
𢑂	
𢑃	
𢑅	
𢑍	
𢑎	
𢑐	
𢑔	
𢑕	
𢑗	
𢑘	
𢑙	
𢑛	
𢑞	
𢑟	
𢑡	
𢑢	
𢑤	
𢑥	
𢑦	
𢑩	
𢑭	
𢑯	
𢑰	
𢑱	
𢑲	
𢑴	
𢑶	
𢑷	
𢑸	
𢑺	
𢑻	
𢑼	
𢑽	
𢑿	
𢒂	
𢒃	
𢒄	
𢒇	
𢒋	
𢒎	
𢒑	
𢒓	
𢒕	
𢒘	
𢒙	
𢒚	
𢒜	
𢒝	
𢒠	
𢒢	
𢒣	
𢒦	
𢒧	
𢒨	
𢒪	
𢒭	
𢒮	
𢒯	
𢒲	
𢒳	
𢒴	
𢒵	
𢒶	
𢒸	
𢒹	
𢒺	
𢒻	
𢒼	
𢓁	
𢓌	
𢓛	
𢓤	
𢓥	
𢓦	
𢓩	
𢓴	
𢓸	
𢓹	
𢓺	
𢓽	
𢓿	
𢔀	
𢔃	
𢔉	
𢔍	
𢔎	
𢔒	
𢔓	
𢔕	
𢔗	
𢔘	
𢔛	
𢔞	
𢔠	
𢔦	
𢔨	
𢔩	
𢔫	
𢔭	
𢔰	
𢔲	
𢔷	
𢔹	
𢔺	
𢔻	
𢔼	
𢔽	
𢔾	
𢔿	
𢕀	
𢕂	
𢕃	
𢕄	
𢕆	
𢕇	
𢕈	
𢕉	
𢕎	
𢕛	
𢕜	
𢕞	
𢕠	
𢕡	
𢕢	
𢕣	
𢕤	
𢕥	
𢕦	
𢕧	
𢕨	
𢕱	
𢕳	
𢕴	
𢕶	
𢕸	
𢕹	
𢕽	
𢕿	
𢖀	
𢖁	
𢖂	
𢖄	
𢖅	
𢖋	
𢖌	
𢖎	
𢖓	
𢖕	
𢖖	
𢖚	
𢖛	
𢖠	
𢖡	
𢖨	
𢖮	
𢖯	
𢖰	
𢖱	
𢖼	
𢖽	
𢖾	
𢗂	
𢗆	
𢗙	
𢗚	
𢗛	
𢗜	
𢗝	
𢗞	
𢗟	
𢗠	
𢗡	
𢗢	
𢗣	
𢗤	
𢗥	
𢗦	
𢗧	
𢗨	
𢗩	
𢗶	
𢗷	
𢘂	
𢘆	
𢘈	
𢘔	
𢘖	
𢘢	
𢘧	
𢘪	
𢘴	
𢘵	
𢘼	
𢙂	
𢙉	
𢙋	
𢙎	
𢙜	
𢙥	
𢙦	
𢙰	
𢙻	
𢚌	
𢚍	
𢚐	
𢚑	
𢚢	
𢚣	
𢚤	
𢚥	
𢚪	
𢚫	
𢚬	
𢚭	
𢚮	
𢚰	
𢚱	
𢚲	
𢚳	
𢚴	
𢚵	
𢚶	
𢚷	
𢚸	
𢚹	
𢚻	
𢚼	
𢚽	
𢚾	
𢚿	
𢛀	
𢛋	
𢛐	
𢛠	
𢛡	
𢛢	
𢛦	
𢛫	
𢛭	
𢛯	
𢛰	
𢛱	
𢛳	
𢛴	
𢛵	
𢛶	
𢛷	
𢛸	
𢛹	
𢛺	
𢛻	
𢛼	
𢛽	
𢛾	
𢛿	
𢜀	
𢜁	
𢜃	
𢜒	
𢜓	
𢜕	
𢜖	
𢜙	
𢜚	
𢜛	
𢜜	
𢜝	
𢜞	
𢜟	
𢜡	
𢜢	
𢜣	
𢜧	
𢜷	
𢜾	
𢝎	
𢝐	
𢝑	
𢝒	
𢝕	
𢝗	
𢝜	
𢝝	
𢝞	
𢝟	
𢝠	
𢝡	
𢝢	
𢝣	
𢝤	
𢝥	
𢝦	
𢝧	
𢝨	
𢝩	
𢝪	
𢝭	
𢝮	
𢝯	
𢝱	
𢝴	
𢝵	
𢝹	
𢝻	
𢝼	
𢝾	
𢝿	
𢞀	
𢞁	
𢞂	
𢞃	
𢞄	
𢞅	
𢞆	
𢞈	
𢞊	
𢞋	
𢞌	
𢞍	
𢞢	
𢞣	
𢞤	
𢞥	
𢞦	
𢞧	
𢞪	
𢞫	
𢞮	
𢞳	
𢞴	
𢞵	
𢞶	
𢞷	
𢞸	
𢞹	
𢞺	
𢞻	
𢞼	
𢞽	
𢞾	
𢞿	
𢟀	
𢟁	
𢟂	
𢟃	
𢟇	
𢟍	
𢟎	
𢟏	
𢟐	
𢟑	
𢟒	
𢟓	
𢟔	
𢟕	
𢟖	
𢟗	
𢟘	
𢟙	
𢟚	
𢟛	
𢟞	
𢟟	
𢟥	
𢟫	
𢟬	
𢟭	
𢟱	
𢟴	
𢟶	
𢟸	
𢟺	
𢟼	
𢟾	
𢟿	
𢠁	
𢠂	
𢠃	
𢠄	
𢠅	
𢠆	
𢠇	
𢠈	
𢠉	
𢠊	
𢠋	
𢠌	
𢠍	
𢠎	
𢠏	
𢠐	
𢠑	
𢠒	
𢠓	
𢠔	
𢠕	
𢠖	
𢠗	
𢠘	
𢠙	
𢠚	
𢠜	
𢠟	
𢠣	
𢠤	
𢠥	
𢠦	
𢠧	
𢠨	
𢠩	
𢠪	
𢠬	
𢠮	
𢠯	
𢠰	
𢠱	
𢠾	
𢡄	
𢡊	
𢡌	
𢡍	
𢡑	
𢡓	
𢡔	
𢡕	
𢡘	
𢡚	
𢡛	
𢡜	
𢡝	
𢡞	
𢡟	
𢡠	
𢡡	
𢡤	
𢡥	
𢡦	
𢡧	
𢡨	
𢡩	
𢡪	
𢡫	
𢡬	
𢡭	
𢡮	
𢡯	
𢡰	
𢡴	
𢡷	
𢡸	
𢡹	
𢡾	
𢢄	
𢢅	
𢢆	
𢢇	
𢢈	
𢢉	
𢢊	
𢢋	
𢢍	
𢢎	
𢢏	
𢢐	
𢢑	
𢢟	
𢢡	
𢢤	
𢢥	
𢢦	
𢢨	
𢢩	
𢢪	
𢢫	
𢢬	
𢢭	
𢢮	
𢢯	
𢢰	
𢢱	
𢢲	
𢢳	
𢢴	
𢢵	
𢢶	
𢢷	
𢢹	
𢢺	
𢢿	
𢣀	
𢣁	
𢣂	
𢣃	
𢣄	
𢣅	
𢣆	
𢣇	
𢣈	
𢣉	
𢣊	
𢣋	
𢣌	
𢣍	
𢣒	
𢣙	
𢣜	
𢣠	
𢣡	
𢣣	
𢣤	
𢣥	
𢣦	
𢣧	
𢣨	
𢣩	
𢣪	
𢣫	
𢣬	
𢣭	
𢣮	
𢣯	
𢣰	
𢣱	
𢣴	
𢣵	
𢣷	
𢣸	
𢣹	
𢣺	
𢣽	
𢤁	
𢤅	
𢤉	
𢤍	
𢤏	
𢤑	
𢤒	
𢤓	
𢤕	
𢤖	
𢤗	
𢤘	
𢤙	
𢤚	
𢤛	
𢤜	
𢤝	
𢤞	
𢤟	
𢤠	
𢤡	
𢤢	
𢤣	
𢤥	
𢤴	
𢤵	
𢤶	
𢤸	
𢤹	
𢤺	
𢤻	
𢤼	
𢤽	
𢤾	
𢥁	
𢥅	
𢥆	
𢥇	
𢥈	
𢥉	
𢥊	
𢥋	
𢥍	
𢥎	
𢥓	
𢥔	
𢥖	
𢥢	
𢥣	
𢥤	
𢥥	
𢥨	
𢥩	
𢥪	
𢥫	
𢥬	
𢥭	
𢥮	
𢥯	
𢥲	
𢥴	
𢥵	
𢥶	
𢥷	
𢥸	
𢥹	
𢥺	
𢥼	
𢥽	
𢥿	
𢦀	
𢦁	
𢦂	
𢦄	
𢦆	
𢦇	
𢦋	
𢦔	
𢦘	
𢦢	
𢦣	
𢦬	
𢦮	
𢦯	
𢦳	
𢦶	
𢦺	
𢦻	
𢧂	
𢧃	
𢧇	
𢧍	
𢧎	
𢧓	
𢧙	
𢧚	
𢧛	
𢧝	
𢧞	
𢧟	
𢧠	
𢧡	
𢧩	
𢧪	
𢧫	
𢧬	
𢧯	
𢧲	
𢧹	
𢧺	
𢧻	
𢧼	
𢧾	
𢧿	
𢨀	
𢨁	
𢨃	
𢨄	
𢨅	
𢨆	
𢨍	
𢨎	
𢨐	
𢨕	
𢨖	
𢨗	
𢨘	
𢨙	
𢨛	
𢨜	
𢨞	
𢨠	
𢨢	
𢨤	
𢨬	
𢨭	
𢨵	
𢨻	
𢨼	
𢨽	
𢨾	
𢩀	
𢩂	
𢩉	
𢩊	
𢩋	
𢩍	
𢩎	
𢩐	
𢩗	
𢩛	
𢩜	
𢩞	
𢩡	
𢩣	
𢩤	
𢩧	
𢩪	
𢩯	
𢩰	
𢩲	
𢩳	
𢩴	
𢩵	
𢩶	
𢩺	
𢩽	
𢩾	
𢩿	
𢪀	
𢪁	
𢪅	
𢪕	
𢪘	
𢪙	
𢪚	
𢪛	
𢪜	
𢪝	
𢪞	
𢪟	
𢪠	
𢪡	
𢪢	
𢪣	
𢪤	
𢪦	
𢪨	
𢪩	
𢪭	
𢪮	
𢪯	
𢪰	
𢪱	
𢪲	
𢪳	
𢪴	
𢪺	
𢫁	
𢫂	
𢫃	
𢫄	
𢫅	
𢫆	
𢫇	
𢫈	
𢫉	
𢫊	
𢫋	
𢫌	
𢫍	
𢫎	
𢫏	
𢫐	
𢫕	
𢫖	
𢫗	
𢫘	
𢫙	
𢫚	
𢫛	
𢫜	
𢫝	
𢫞	
𢫟	
𢫠	
𢫡	
𢫢	
𢫣	
𢫪	
𢫲	
𢫳	
𢫷	
𢫹	
𢫺	
𢫽	
𢬁	
𢬂	
𢬄	
𢬅	
𢬆	
𢬇	
𢬈	
𢬉	
𢬊	
𢬋	
𢬌	
𢬍	
𢬎	
𢬏	
𢬐	
𢬑	
𢬒	
𢬓	
𢬔	
𢬕	
𢬖	
𢬗	
𢬘	
𢬙	
𢬚	
𢬛	
𢬜	
𢬝	
𢬟	
𢬠	
𢬢	
𢬣	
𢬤	
𢬥	
𢬦	
𢬧	
𢬨	
𢬩	
𢬪	
𢬭	
𢬮	
𢬰	
𢬶	
𢬻	
𢬽	
𢭀	
𢭈	
𢭊	
𢭋	
𢭌	
𢭍	
𢭏	
𢭐	
𢭑	
𢭒	
𢭓	
𢭔	
𢭕	
𢭖	
𢭗	
𢭘	
𢭙	
𢭚	
𢭛	
𢭜	
𢭝	
𢭞	
𢭟	
𢭠	
𢭡	
𢭢	
𢭣	
𢭥	
𢭧	
𢭨	
𢭪	
𢭫	
𢭬	
𢭭	
𢭮	
𢭯	
𢭰	
𢭱	
𢭲	
𢭳	
𢭴	
𢭵	
𢭶	
𢭷	
𢭸	
𢭹	
𢭺	
𢭻	
𢭼	
𢭽	
𢭾	
𢭿	
𢮀	
𢮆	
𢮇	
𢮉	
𢮕	
𢮗	
𢮞	
𢮡	
𢮣	
𢮤	
𢮥	
𢮦	
𢮧	
𢮨	
𢮩	
𢮪	
𢮫	
𢮬	
𢮭	
𢮮	
𢮯	
𢮰	
𢮱	
𢮲	
𢮳	
𢮴	
𢮵	
𢮶	
𢮷	
𢮸	
𢮹	
𢮺	
𢮻	
𢮼	
𢮽	
𢮾	
𢮿	
𢯀	
𢯁	
𢯂	
𢯃	
𢯄	
𢯇	
𢯈	
𢯉	
𢯌	
𢯎	
𢯏	
𢯐	
𢯑	
𢯒	
𢯓	
𢯔	
𢯕	
𢯖	
𢯗	
𢯘	
𢯙	
𢯚	
𢯛	
𢯜	
𢯝	
𢯞	
𢯟	
𢯠	
𢯡	
𢯢	
𢯣	
𢯤	
𢯥	
𢯦	
𢯧	
𢯨	
𢯳	
𢯴	
𢰁	
𢰈	
𢰉	
𢰊	
𢰋	
𢰌	
𢰍	
𢰎	
𢰏	
𢰐	
𢰑	
𢰒	
𢰔	
𢰖	
𢰘	
𢰙	
𢰚	
𢰛	
𢰜	
𢰝	
𢰞	
𢰟	
𢰠	
𢰡	
𢰢	
𢰣	
𢰤	
𢰥	
𢰦	
𢰧	
𢰨	
𢰩	
𢰪	
𢰫	
𢰬	
𢰭	
𢰮	
𢰯	
𢰰	
𢰱	
𢰲	
𢰳	
𢰴	
𢰵	
𢰶	
𢰷	
𢰸	
𢰹	
𢰺	
𢰻	
𢰼	
𢰽	
𢰾	
𢱂	
𢱄	
𢱅	
𢱇	
𢱍	
𢱎	
𢱏	
𢱐	
𢱑	
𢱒	
𢱓	
𢱔	
𢱕	
𢱖	
𢱗	
𢱘	
𢱙	
𢱚	
𢱛	
𢱜	
𢱝	
𢱞	
𢱠	
𢱥	
𢱬	
𢱯	
𢱰	
𢱱	
𢱳	
𢱴	
𢱵	
𢱶	
𢱻	
𢱼	
𢱽	
𢱾	
𢱿	
𢲀	
𢲁	
𢲂	
𢲃	
𢲄	
𢲅	
𢲆	
𢲇	
𢲈	
𢲉	
𢲊	
𢲋	
𢲌	
𢲍	
𢲎	
𢲏	
𢲐	
𢲑	
𢲒	
𢲗	
𢲛	
𢲜	
𢲝	
𢲞	
𢲟	
𢲠	
𢲡	
𢲢	
𢲣	
𢲤	
𢲥	
𢲦	
𢲧	
𢲨	
𢲩	
𢲪	
𢲫	
𢲬	
𢲭	
𢲮	
𢲯	
𢲱	
𢲲	
𢲶	
𢲺	
𢲽	
𢲿	
𢳁	
𢳌	
𢳎	
𢳒	
𢳓	
𢳕	
𢳖	
𢳗	
𢳛	
𢳜	
𢳝	
𢳞	
𢳠	
𢳡	
𢳢	
𢳣	
𢳤	
𢳥	
𢳦	
𢳧	
𢳨	
𢳩	
𢳪	
𢳫	
𢳬	
𢳭	
𢳮	
𢳯	
𢳰	
𢳱	
𢳲	
𢳳	
𢳴	
𢳵	
𢳶	
𢳷	
𢳸	
𢳹	
𢳺	
𢳻	
𢳼	
𢳽	
𢴀	
𢴁	
𢴃	
𢴄	
𢴇	
𢴈	
𢴉	
𢴊	
𢴋	
𢴌	
𢴍	
𢴎	
𢴏	
𢴐	
𢴑	
𢴒	
𢴓	
𢴔	
𢴕	
𢴖	
𢴗	
𢴘	
𢴙	
𢴚	
𢴛	
𢴜	
𢴝	
𢴞	
𢴟	
𢴫	
𢴯	
𢴶	
𢴻	
𢴼	
𢵁	
𢵂	
𢵃	
𢵅	
𢵆	
𢵇	
𢵉	
𢵊	
𢵋	
𢵌	
𢵍	
𢵎	
𢵏	
𢵐	
𢵑	
𢵒	
𢵓	
𢵔	
𢵕	
𢵖	
𢵗	
𢵘	
𢵙	
𢵚	
𢵛	
𢵜	
𢵝	
𢵞	
𢵟	
𢵠	
𢵧	
𢵨	
𢵩	
𢵪	
𢵫	
𢵬	
𢵭	
𢵮	
𢵯	
𢵰	
𢵱	
𢵲	
𢵳	
𢵴	
𢵵	
𢵶	
𢵷	
𢵸	
𢵹	
𢵺	
𢵻	
𢵼	
𢵽	
𢵾	
𢵿	
𢶁	
𢶄	
𢶊	
𢶌	
𢶗	
𢶘	
𢶛	
𢶝	
𢶞	
𢶟	
𢶠	
𢶢	
𢶣	
𢶤	
𢶥	
𢶦	
𢶧	
𢶨	
𢶩	
𢶪	
𢶫	
𢶬	
𢶭	
𢶮	
𢶯	
𢶰	
𢶱	
𢶳	
𢶸	
𢶹	
𢶺	
𢶻	
𢶼	
𢶽	
𢶾	
𢶿	
𢷀	
𢷁	
𢷂	
𢷃	
𢷄	
𢷅	
𢷆	
𢷇	
𢷈	
𢷉	
𢷊	
𢷎	
𢷐	
𢷛	
𢷝	
𢷞	
𢷟	
𢷠	
𢷡	
𢷣	
𢷤	
𢷥	
𢷦	
𢷧	
𢷨	
𢷩	
𢷪	
𢷫	
𢷬	
𢷭	
𢷮	
𢷯	
𢷰	
𢷱	
𢷲	
𢷳	
𢷴	
𢷵	
𢷽	
𢸂	
𢸉	
𢸊	
𢸋	
𢸌	
𢸍	
𢸎	
𢸏	
𢸐	
𢸑	
𢸒	
𢸓	
𢸔	
𢸕	
𢸖	
𢸚	
𢸛	
𢸜	
𢸝	
𢸞	
𢸟	
𢸠	
𢸡	
𢸢	
𢸯	
𢸰	
𢸲	
𢸵	
𢸶	
𢸷	
𢸸	
𢸹	
𢸺	
𢸻	
𢸼	
𢸽	
𢸾	
𢸿	
𢹀	
𢹁	
𢹂	
𢹄	
𢹅	
𢹆	
𢹇	
𢹈	
𢹉	
𢹊	
𢹋	
𢹌	
𢹑	
𢹕	
𢹗	
𢹙	
𢹚	
𢹛	
𢹜	
𢹞	
𢹟	
𢹠	
𢹡	
𢹢	
𢹣	
𢹤	
𢹥	
𢹦	
𢹧	
𢹨	
𢹩	
𢹪	
𢹫	
𢹲	
𢹳	
𢹶	
𢹷	
𢹸	
𢹹	
𢹺	
𢹻	
𢹽	
𢹾	
𢹿	
𢺀	
𢺁	
𢺂	
𢺆	
𢺊	
𢺌	
𢺍	
𢺎	
𢺏	
𢺐	
𢺒	
𢺓	
𢺔	
𢺕	
𢺖	
𢺗	
𢺘	
𢺙	
𢺚	
𢺛	
𢺜	
𢺝	
𢺣	
𢺤	
𢺥	
𢺦	
𢺧	
𢺨	
𢺩	
𢺪	
𢺫	
𢺬	
𢺭	
𢺮	
𢺱	
𢺲	
𢺸	
𢺹	
𢺺	
𢻄	
𢻍	
𢻐	
𢻑	
𢻖	
𢻘	
𢻞	
𢻡	
𢻣	
𢻦	
𢻩	
𢻰	
𢻱	
𢼁	
𢼆	
𢼇	
𢼈	
𢼋	
𢼒	
𢼓	
𢼔	
𢼕	
𢼡	
𢼬	
𢼭	
𢼮	
𢼯	
𢼸	
𢼿	
𢽃	
𢽆	
𢽇	
𢽊	
𢽋	
𢽌	
𢽍	
𢽎	
𢽏	
𢽐	
𢽑	
𢽒	
𢽓	
𢽔	
𢽖	
𢽗	
𢽘	
𢽙	
𢽛	
𢽤	
𢽥	
𢽮	
𢽯	
𢽱	
𢽲	
𢽳	
𢽴	
𢽵	
𢽶	
𢽷	
𢽸	
𢽺	
𢽼	
𢽽	
𢽾	
𢽿	
𢾂	
𢾈	
𢾋	
𢾌	
𢾍	
𢾓	
𢾕	
𢾖	
𢾗	
𢾙	
𢾚	
𢾛	
𢾜	
𢾝	
𢾞	
𢾟	
𢾠	
𢾣	
𢾤	
𢾥	
𢾨	
𢾴	
𢾵	
𢾶	
𢾸	
𢾻	
𢾼	
𢾽	
𢾾	
𢿀	
𢿁	
𢿄	
𢿐	
𢿓	
𢿔	
𢿕	
𢿖	
𢿗	
𢿙	
𢿚	
𢿝	
𢿡	
𢿩	
𢿫	
𢿬	
𢿮	
𢿯	
𢿰	
𢿱	
𢿲	
𢿳	
𢿴	
𢿵	
𢿶	
𢿹	
𢿺	
𢿼	
𢿽	
𣀄	
𣀅	
𣀆	
𣀇	
𣀈	
𣀉	
𣀊	
𣀋	
𣀌	
𣀎	
𣀐	
𣀖	
𣀗	
𣀘	
𣀙	
𣀚	
𣀟	
𣀠	
𣀡	
𣀢	
𣀧	
𣀩	
𣀪	
𣀫	
𣀭	
𣀯	
𣀰	
𣀱	
𣀴	
𣀹	
𣀺	
𣀼	
𣀽	
𣀾	
𣀿	
𣁀	
𣁁	
𣁂	
𣁃	
𣁅	
𣁆	
𣁇	
𣁈	
𣁋	
𣁌	
𣁐	
𣁑	
𣁒	
𣁔	
𣁕	
𣁗	
𣁘	
𣁚	
𣁝	
𣁠	
𣁡	
𣁤	
𣁥	
𣁧	
𣁨	
𣁩	
𣁪	
𣁫	
𣁮	
𣁲	
𣁳	
𣁸	
𣁽	
𣁾	
𣁿	
𣂀	
𣂃	
𣂅	
𣂈	
𣂋	
𣂍	
𣂎	
𣂐	
𣂓	
𣂛	
𣂟	
𣂠	
𣂩	
𣂫	
𣂬	
𣂭	
𣂯	
𣂱	
𣂲	
𣂶	
𣂷	
𣂸	
𣂹	
𣂺	
𣂼	
𣂾	
𣂿	
𣃃	
𣃅	
𣃊	
𣃎	
𣃐	
𣃒	
𣃓	
𣃕	
𣃙	
𣃚	
𣃛	
𣃜	
𣃞	
𣃠	
𣃡	
𣃣	
𣃤	
𣃥	
𣃪	
𣃫	
𣃬	
𣃭	
𣃮	
𣃯	
𣃱	
𣃲	
𣃷	
𣃸	
𣃹	
𣃺	
𣃿	
𣄂	
𣄄	
𣄅	
𣄇	
𣄊	
𣄋	
𣄌	
𣄒	
𣄕	
𣄖	
𣄗	
𣄛	
𣄟	
𣄣	
𣄥	
𣄨	
𣄩	
𣄫	
𣄬	
𣄹	
𣄽	
𣅁	
𣅂	
𣅅	
𣅎	
𣅏	
𣅐	
𣅑	
𣅒	
𣅓	
𣅗	
𣅘	
𣅙	
𣅛	
𣅝	
𣅧	
𣅨	
𣅩	
𣅪	
𣅫	
𣅬	
𣅭	
𣅮	
𣅯	
𣅱	
𣅵	
𣅶	
𣅹	
𣅿	
𣆀	
𣆁	
𣆂	
𣆃	
𣆄	
𣆅	
𣆆	
𣆉	
𣆍	
𣆎	
𣆏	
𣆐	
𣆜	
𣆠	
𣆡	
𣆢	
𣆣	
𣆤	
𣆥	
𣆦	
𣆨	
𣆬	
𣆮	
𣆯	
𣆰	
𣆱	
𣆲	
𣆸	
𣆻	
𣆽	
𣇀	
𣇁	
𣇂	
𣇃	
𣇄	
𣇅	
𣇆	
𣇇	
𣇈	
𣇉	
𣇊	
𣇋	
𣇌	
𣇍	
𣇎	
𣇏	
𣇐	
𣇑	
𣇒	
𣇓	
𣇔	
𣇕	
𣇗	
𣇚	
𣇛	
𣇜	
𣇝	
𣇞	
𣇟	
𣇠	
𣇡	
𣇥	
𣇮	
𣇵	
𣇶	
𣇷	
𣇸	
𣇹	
𣇺	
𣇻	
𣇼	
𣇽	
𣇾	
𣇿	
𣈀	
𣈁	
𣈂	
𣈃	
𣈄	
𣈆	
𣈈	
𣈌	
𣈎	
𣈐	
𣈑	
𣈒	
𣈓	
𣈔	
𣈕	
𣈖	
𣈗	
𣈘	
𣈙	
𣈚	
𣈛	
𣈜	
𣈝	
𣈞	
𣈠	
𣈢	
𣈣	
𣈧	
𣈩	
𣈫	
𣈬	
𣈭	
𣈮	
𣈯	
𣈰	
𣈱	
𣈲	
𣈳	
𣈴	
𣈵	
𣈷	
𣈸	
𣈹	
𣈺	
𣈻	
𣈼	
𣈽	
𣈾	
𣈿	
𣉀	
𣉁	
𣉂	
𣉃	
𣉊	
𣉍	
𣉎	
𣉏	
𣉐	
𣉑	
𣉛	
𣉝	
𣉞	
𣉟	
𣉠	
𣉢	
𣉣	
𣉤	
𣉥	
𣉦	
𣉧	
𣉨	
𣉩	
𣉲	
𣉳	
𣉴	
𣉵	
𣉶	
𣉷	
𣉸	
𣉹	
𣊂	
𣊆	
𣊇	
𣊈	
𣊉	
𣊊	
𣊋	
𣊌	
𣊍	
𣊎	
𣊏	
𣊐	
𣊑	
𣊗	
𣊘	
𣊚	
𣊜	
𣊝	
𣊠	
𣊢	
𣊥	
𣊩	
𣊪	
𣊫	
𣊬	
𣊭	
𣊮	
𣊯	
𣊰	
𣊱	
𣊲	
𣊳	
𣊸	
𣊻	
𣊾	
𣊿	
𣋀	
𣋁	
𣋂	
𣋃	
𣋆	
𣋇	
𣋈	
𣋑	
𣋒	
𣋓	
𣋔	
𣋕	
𣋖	
𣋚	
𣋛	
𣋜	
𣋝	
𣋟	
𣋠	
𣋡	
𣋤	
𣋦	
𣋧	
𣋨	
𣋩	
𣋪	
𣋫	
𣋬	
𣋭	
𣋮	
𣋯	
𣋰	
𣋱	
𣋴	
𣋺	
𣋻	
𣋼	
𣋽	
𣋾	
𣋿	
𣌀	
𣌁	
𣌂	
𣌃	
𣌄	
𣌆	
𣌇	
𣌉	
𣌊	
𣌋	
𣌌	
𣌎	
𣌐	
𣌒	
𣌔	
𣌕	
𣌙	
𣌛	
𣌝	
𣌡	
𣌢	
𣌤	
𣌥	
𣌩	
𣌪	
𣌫	
𣌬	
𣌮	
𣌯	
𣌰	
𣌱	
𣌲	
𣌳	
𣌴	
𣌵	
𣌶	
𣌷	
𣌸	
𣌹	
𣌺	
𣌻	
𣌼	
𣌿	
𣍀	
𣍁	
𣍂	
𣍄	
𣍅	
𣍉	
𣍊	
𣍋	
𣍌	
𣍍	
𣍑	
𣍒	
𣍓	
𣍔	
𣍕	
𣍗	
𣍟	
𣍨	
𣍩	
𣍪	
𣍫	
𣍭	
𣍯	
𣍰	
𣍱	
𣍲	
𣍳	
𣍶	
𣍷	
𣍸	
𣍺	
𣍻	
𣍼	
𣍽	
𣍾	
𣍿	
𣎀	
𣎁	
𣎂	
𣎃	
𣎆	
𣎇	
𣎈	
𣎉	
𣎊	
𣎋	
𣎌	
𣎎	
𣎏	
𣎐	
𣎑	
𣎒	
𣎕	
𣎖	
𣎗	
𣎘	
𣎙	
𣎝	
𣎞	
𣎟	
𣎠	
𣎡	
𣎢	
𣎤	
𣎥	
𣎦	
𣎧	
𣎨	
𣎪	
𣎫	
𣎬	
𣎭	
𣎯	
𣎰	
𣎱	
𣎶	
𣎷	
𣎺	
𣎻	
𣎽	
𣏅	
𣏆	
𣏇	
𣏈	
𣏉	
𣏊	
𣏋	
𣏏	
𣏓	
𣏡	
𣏮	
𣏱	
𣏸	
𣏻	
𣐔	
𣐗	
𣐟	
𣐠	
𣐦	
𣐧	
𣐱	
𣐶	
𣐷	
𣑂	
𣑄	
𣑅	
𣑓	
𣑔	
𣑕	
𣑖	
𣑗	
𣑘	
𣑙	
𣑚	
𣑛	
𣑜	
𣑝	
𣑞	
𣑟	
𣑠	
𣑡	
𣑢	
𣑣	
𣑤	
𣑥	
𣑧	
𣑨	
𣑪	
𣑫	
𣑲	
𣑳	
𣑴	
𣑵	
𣑶	
𣑷	
𣑹	
𣑺	
𣑻	
𣑼	
𣑽	
𣑾	
𣑿	
𣒀	
𣒈	
𣒉	
𣒊	
𣒋	
𣒌	
𣒍	
𣒎	
𣒏	
𣒐	
𣒑	
𣒒	
𣒓	
𣒔	
𣒕	
𣒖	
𣒗	
𣒘	
𣒙	
𣒚	
𣒛	
𣒜	
𣒝	
𣒞	
𣒟	
𣒠	
𣒡	
𣒢	
𣒣	
𣒤	
𣒥	
𣒦	
𣒧	
𣒪	
𣒬	
𣒯	
𣒰	
𣒱	
𣒲	
𣒳	
𣒴	
𣒵	
𣒸	
𣒹	
𣒻	
𣒽	
𣒾	
𣒿	
𣓍	
𣓓	
𣓙	
𣓛	
𣓝	
𣓡	
𣓢	
𣓣	
𣓤	
𣓥	
𣓦	
𣓧	
𣓨	
𣓩	
𣓪	
𣓫	
𣓬	
𣓭	
𣓮	
𣓯	
𣓰	
𣓱	
𣓲	
𣓳	
𣓴	
𣓵	
𣓶	
𣓷	
𣓸	
𣓹	
𣓺	
𣓻	
𣓼	
𣓽	
𣓾	
𣓿	
𣔀	
𣔁	
𣔂	
𣔃	
𣔄	
𣔅	
𣔆	
𣔇	
𣔈	
𣔉	
𣔊	
𣔋	
𣔌	
𣔍	
𣔎	
𣔑	
𣔔	
𣔕	
𣔘	
𣔛	
𣔝	
𣔞	
𣔟	
𣔠	
𣔡	
𣔢	
𣔣	
𣔤	
𣔬	
𣔮	
𣕀	
𣕍	
𣕑	
𣕒	
𣕓	
𣕗	
𣕙	
𣕛	
𣕝	
𣕠	
𣕡	
𣕣	
𣕤	
𣕩	
𣕬	
𣕭	
𣕮	
𣕯	
𣕰	
𣕱	
𣕲	
𣕳	
𣕶	
𣕷	
𣕸	
𣕹	
𣕺	
𣖅	
𣖇	
𣖈	
𣖉	
𣖊	
𣖌	
𣖏	
𣖑	
𣖒	
𣖓	
𣖝	
𣖞	
𣖣	
𣖥	
𣖩	
𣖪	
𣖯	
𣖱	
𣖴	
𣖸	
𣖽	
𣖿	
𣗀	
𣗂	
𣗃	
𣗊	
𣗕	
𣗗	
𣗚	
𣗞	
𣗟	
𣗠	
𣗡	
𣗢	
𣗣	
𣗦	
𣗨	
𣗫	
𣗲	
𣗶	
𣗽	
𣘁	
𣘂	
𣘄	
𣘅	
𣘆	
𣘇	
𣘈	
𣘉	
𣘊	
𣘋	
𣘌	
𣘍	
𣘎	
𣘏	
𣘑	
𣘒	
𣘓	
𣘔	
𣘕	
𣘨	
𣘭	
𣘰	
𣘴	
𣘵	
𣘶	
𣘷	
𣘸	
𣘹	
𣘺	
𣘼	
𣘽	
𣘾	
𣘿	
𣙀	
𣙁	
𣙂	
𣙃	
𣙄	
𣙅	
𣙆	
𣙇	
𣙈	
𣙉	
𣙊	
𣙋	
𣙌	
𣙍	
𣙎	
𣙏	
𣙐	
𣙑	
𣙒	
𣙓	
𣙔	
𣙕	
𣙖	
𣙘	
𣙚	
𣙛	
𣙜	
𣙠	
𣙡	
𣙣	
𣙤	
𣙥	
𣙦	
𣙧	
𣙨	
𣙩	
𣙪	
𣙫	
𣙬	
𣙭	
𣙮	
𣙯	
𣙴	
𣙶	
𣙸	
𣙹	
𣙺	
𣙾	
𣚅	
𣚉	
𣚋	
𣚏	
𣚐	
𣚗	
𣚜	
𣚝	
𣚞	
𣚢	
𣚤	
𣚥	
𣚧	
𣚩	
𣚪	
𣚫	
𣚬	
𣚭	
𣚮	
𣚯	
𣚰	
𣚱	
𣚲	
𣚳	
𣚴	
𣚵	
𣚶	
𣚷	
𣚸	
𣚹	
𣚺	
𣚻	
𣚼	
𣚽	
𣚾	
𣚿	
𣛀	
𣛁	
𣛂	
𣛃	
𣛄	
𣛅	
𣛆	
𣛇	
𣛈	
𣛉	
𣛊	
𣛋	
𣛌	
𣛍	
𣛎	
𣛏	
𣛐	
𣛑	
𣛒	
𣛓	
𣛔	
𣛖	
𣛗	
𣛙	
𣛢	
𣛫	
𣛳	
𣛽	
𣜀	
𣜁	
𣜃	
𣜈	
𣜉	
𣜊	
𣜋	
𣜌	
𣜍	
𣜎	
𣜏	
𣜐	
𣜑	
𣜒	
𣜓	
𣜔	
𣜕	
𣜖	
𣜗	
𣜘	
𣜙	
𣜚	
𣜛	
𣜜	
𣜝	
𣜞	
𣜟	
𣜠	
𣜡	
𣜤	
𣜧	
𣜩	
𣜮	
𣜯	
𣜰	
𣜱	
𣜲	
𣜳	
𣜴	
𣜵	
𣜶	
𣜷	
𣜸	
𣜺	
𣜻	
𣜼	
𣜾	
𣜿	
𣝀	
𣝂	
𣝄	
𣝇	
𣝎	
𣝖	
𣝘	
𣝙	
𣝟	
𣝠	
𣝡	
𣝢	
𣝣	
𣝤	
𣝥	
𣝦	
𣝧	
𣝨	
𣝩	
𣝪	
𣝫	
𣝬	
𣝭	
𣝮	
𣝯	
𣝰	
𣝱	
𣝲	
𣝳	
𣝴	
𣝵	
𣝶	
𣝽	
𣝿	
𣞀	
𣞁	
𣞂	
𣞃	
𣞄	
𣞅	
𣞉	
𣞊	
𣞋	
𣞌	
𣞍	
𣞎	
𣞏	
𣞖	
𣞘	
𣞜	
𣞞	
𣞠	
𣞡	
𣞢	
𣞣	
𣞥	
𣞦	
𣞧	
𣞨	
𣞩	
𣞪	
𣞫	
𣞬	
𣞭	
𣞮	
𣞯	
𣞸	
𣞹	
𣞼	
𣞽	
𣞾	
𣞿	
𣟀	
𣟂	
𣟃	
𣟇	
𣟍	
𣟎	
𣟐	
𣟒	
𣟓	
𣟔	
𣟕	
𣟖	
𣟗	
𣟘	
𣟙	
𣟚	
𣟛	
𣟜	
𣟝	
𣟞	
𣟟	
𣟠	
𣟡	
𣟢	
𣟣	
𣟥	
𣟦	
𣟩	
𣟪	
𣟫	
𣟬	
𣟭	
𣟮	
𣟱	
𣟴	
𣟶	
𣟷	
𣟻	
𣟿	
𣠀	
𣠁	
𣠂	
𣠃	
𣠄	
𣠅	
𣠆	
𣠇	
𣠈	
𣠉	
𣠊	
𣠋	
𣠌	
𣠍	
𣠑	
𣠒	
𣠓	
𣠕	
𣠖	
𣠗	
𣠘	
𣠜	
𣠢	
𣠣	
𣠤	
𣠥	
𣠦	
𣠧	
𣠨	
𣠩	
𣠪	
𣠫	
𣠬	
𣠯	
𣠰	
𣠱	
𣠲	
𣠳	
𣠴	
𣠵	
𣠶	
𣠻	
𣠼	
𣠽	
𣡀	
𣡁	
𣡂	
𣡃	
𣡄	
𣡅	
𣡋	
𣡏	
𣡐	
𣡑	
𣡒	
𣡓	
𣡔	
𣡙	
𣡚	
𣡛	
𣡜	
𣡝	
𣡞	
𣡟	
𣡠	
𣡡	
𣡢	
𣡤	
𣡥	
𣡦	
𣡨	
𣡪	
𣡫	
𣡬	
𣡭	
𣡮	
𣡯	
𣡱	
𣡲	
𣡳	
𣡴	
𣡷	
𣡸	
𣡹	
𣡺	
𣡻	
𣢔	
𣢣	
𣢬	
𣢭	
𣢲	
𣢳	
𣢴	
𣢵	
𣢸	
𣢹	
𣢻	
𣢾	
𣢿	
𣣀	
𣣁	
𣣂	
𣣃	
𣣄	
𣣅	
𣣆	
𣣇	
𣣑	
𣣒	
𣣔	
𣣕	
𣣖	
𣣗	
𣣘	
𣣦	
𣣨	
𣣩	
𣣪	
𣣫	
𣣬	
𣣯	
𣣰	
𣣱	
𣣽	
𣣾	
𣤀	
𣤂	
𣤃	
𣤄	
𣤅	
𣤌	
𣤎	
𣤏	
𣤑	
𣤒	
𣤓	
𣤔	
𣤕	
𣤗	
𣤛	
𣤜	
𣤝	
𣤞	
𣤟	
𣤣	
𣤤	
𣤦	
𣤧	
𣤪	
𣤬	
𣤭	
𣤮	
𣤳	
𣤷	
𣤸	
𣤺	
𣤻	
𣤼	
𣤽	
𣤾	
𣥆	
𣥋	
𣥑	
𣥒	
𣥓	
𣥗	
𣥚	
𣥛	
𣥜	
𣥝	
𣥩	
𣥪	
𣥫	
𣥬	
𣥱	
𣥲	
𣥴	
𣥵	
𣥼	
𣦂	
𣦄	
𣦆	
𣦊	
𣦍	
𣦎	
𣦓	
𣦔	
𣦕	
𣦗	
𣦘	
𣦙	
𣦚	
𣦛	
𣦞	
𣦤	
𣦥	
𣦩	
𣦪	
𣦬	
𣦮	
𣦯	
𣦰	
𣦲	
𣦳	
𣦴	
𣧇	
𣧒	
𣧨	
𣧯	
𣧱	
𣧺	
𣧽	
𣨃	
𣨒	
𣨕	
𣨚	
𣨦	
𣨧	
𣨨	
𣨩	
𣨭	
𣨮	
𣨯	
𣨰	
𣨸	
𣨼	
𣨽	
𣩁	
𣩂	
𣩃	
𣩊	
𣩌	
𣩖	
𣩘	
𣩣	
𣩤	
𣩥	
𣩮	
𣩲	
𣩵	
𣩶	
𣩷	
𣩸	
𣩾	
𣪃	
𣪉	
𣪎	
𣪑	
𣪒	
𣪓	
𣪔	
𣪗	
𣪚	
𣪛	
𣪜	
𣪞	
𣪟	
𣪥	
𣪦	
𣪧	
𣪩	
𣪪	
𣪫	
𣪰	
𣪴	
𣪵	
𣪷	
𣪺	
𣫂	
𣫃	
𣫄	
𣫅	
𣫆	
𣫇	
𣫋	
𣫍	
𣫏	
𣫕	
𣫚	
𣫛	
𣫟	
𣫠	
𣫨	
𣫫	
𣫮	
𣫲	
𣫷	
𣫸	
𣫻	
𣫼	
𣫽	
𣫾	
𣫿	
𣬀	
𣬁	
𣬋	
𣬌	
𣬒	
𣬓	
𣬔	
𣬖	
𣬗	
𣬘	
𣬝	
𣬞	
𣬟	
𣬤	
𣬥	
𣬦	
𣬧	
𣬨	
𣬯	
𣬰	
𣬱	
𣬲	
𣬳	
𣭃	
𣭈	
𣭉	
𣭊	
𣭋	
𣭌	
𣭍	
𣭎	
𣭏	
𣭐	
𣭑	
𣭒	
𣭓	
𣭔	
𣭕	
𣭗	
𣭚	
𣭛	
𣭣	
𣭤	
𣭥	
𣭦	
𣭧	
𣭨	
𣭩	
𣭪	
𣭫	
𣭬	
𣭮	
𣭯	
𣭰	
𣭹	
𣭺	
𣭽	
𣭾	
𣭿	
𣮀	
𣮁	
𣮂	
𣮇	
𣮖	
𣮗	
𣮘	
𣮙	
𣮚	
𣮛	
𣮜	
𣮝	
𣮞	
𣮟	
𣮯	
𣮰	
𣮲	
𣮶	
𣮷	
𣮹	
𣮺	
𣮻	
𣮼	
𣮽	
𣮾	
𣯅	
𣯔	
𣯖	
𣯗	
𣯘	
𣯙	
𣯛	
𣯝	
𣯠	
𣯡	
𣯣	
𣯰	
𣯲	
𣯳	
𣯷	
𣯿	
𣰀	
𣰁	
𣰂	
𣰉	
𣰎	
𣰏	
𣰑	
𣰒	
𣰓	
𣰖	
𣰘	
𣰙	
𣰜	
𣰝	
𣰟	
𣰢	
𣰣	
𣰤	
𣰧	
𣰪	
𣰮	
𣰯	
𣰱	
𣰲	
𣰳	
𣰴	
𣰵	
𣰸	
𣰹	
𣰺	
𣰾	
𣱃	
𣱆	
𣱌	
𣱍	
𣱎	
𣱏	
𣱑	
𣱒	
𣱔	
𣱗	
𣱘	
𣱜	
𣱝	
𣱞	
𣱟	
𣱠	
𣱢	
𣱣	
𣱤	
𣱥	
𣱨	
𣱩	
𣱬	
𣱭	
𣱰	
𣱹	
𣲅	
𣲛	
𣳍	
𣳞	
𣳽	
𣴂	
𣴅	
𣴋	
𣵉	
𣵊	
𣵍	
𣶔	
𣶧	
𣶨	
𣶩	
𣶪	
𣶳	
𣶾	
𣷄	
𣷅	
𣷆	
𣷇	
𣷈	
𣷉	
𣷊	
𣷋	
𣷌	
𣷍	
𣷎	
𣷏	
𣷐	
𣷑	
𣷒	
𣷓	
𣷔	
𣷕	
𣷖	
𣷗	
𣷘	
𣷙	
𣷚	
𣷛	
𣷝	
𣷢	
𣷤	
𣷦	
𣷨	
𣷩	
𣷪	
𣷬	
𣷭	
𣷮	
𣷯	
𣷰	
𣷱	
𣷲	
𣷳	
𣷴	
𣷵	
𣷶	
𣷷	
𣷸	
𣷹	
𣷺	
𣷻	
𣷼	
𣷿	
𣸂	
𣸃	
𣸌	
𣸑	
𣸓	
𣸔	
𣸗	
𣸘	
𣸙	
𣸝	
𣸟	
𣸣	
𣸤	
𣸥	
𣸦	
𣸧	
𣸨	
𣸩	
𣸪	
𣸫	
𣸬	
𣸭	
𣸮	
𣸯	
𣸰	
𣸱	
𣸲	
𣸳	
𣸴	
𣸵	
𣸶	
𣸷	
𣸸	
𣸹	
𣸺	
𣸻	
𣸼	
𣸽	
𣸾	
𣸿	
𣹀	
𣹁	
𣹂	
𣹃	
𣹄	
𣹈	
𣹉	
𣹋	
𣹒	
𣹓	
𣹔	
𣹕	
𣹖	
𣹗	
𣹘	
𣹙	
𣹚	
𣹛	
𣹣	
𣹦	
𣹨	
𣹰	
𣹵	
𣹶	
𣹷	
𣹺	
𣹽	
𣹾	
𣺀	
𣺁	
𣺂	
𣺃	
𣺄	
𣺅	
𣺆	
𣺇	
𣺈	
𣺉	
𣺊	
𣺋	
𣺌	
𣺍	
𣺎	
𣺏	
𣺐	
𣺑	
𣺒	
𣺓	
𣺔	
𣺕	
𣺖	
𣺗	
𣺘	
𣺙	
𣺚	
𣺛	
𣺜	
𣺝	
𣺞	
𣺟	
𣺠	
𣺡	
𣺢	
𣺣	
𣺤	
𣺥	
𣺦	
𣺧	
𣺨	
𣺩	
𣺪	
𣺭	
𣺯	
𣺱	
𣺳	
𣺴	
𣺵	
𣺶	
𣺷	
𣺺	
𣺻	
𣺼	
𣺽	
𣺾	
𣺿	
𣻀	
𣻁	
𣻂	
𣻃	
𣻄	
𣻅	
𣻆	
𣻇	
𣻈	
𣻉	
𣻊	
𣻋	
𣻌	
𣻍	
𣻎	
𣻔	
𣻖	
𣻟	
𣻥	
𣻨	
𣻬	
𣻭	
𣻲	
𣻳	
𣻴	
𣻵	
𣻶	
𣻷	
𣻸	
𣻹	
𣻺	
𣻻	
𣻼	
𣻽	
𣻾	
𣻿	
𣼀	
𣼁	
𣼂	
𣼃	
𣼄	
𣼅	
𣼆	
𣼇	
𣼈	
𣼉	
𣼊	
𣼋	
𣼌	
𣼍	
𣼎	
𣼏	
𣼐	
𣼑	
𣼒	
𣼓	
𣼔	
𣼕	
𣼖	
𣼗	
𣼘	
𣼙	
𣼛	
𣼜	
𣼝	
𣼟	
𣼠	
𣼡	
𣼢	
𣼣	
𣼤	
𣼦	
𣼨	
𣼬	
𣼮	
𣼯	
𣼰	
𣼱	
𣼲	
𣼳	
𣼴	
𣼵	
𣼶	
𣼷	
𣼸	
𣼹	
𣼺	
𣼼	
𣼽	
𣼾	
𣼿	
𣽀	
𣽁	
𣽂	
𣽃	
𣽉	
𣽐	
𣽑	
𣽓	
𣽕	
𣽙	
𣽠	
𣽦	
𣽨	
𣽪	
𣽫	
𣽭	
𣽮	
𣽰	
𣽱	
𣽳	
𣽵	
𣽶	
𣽷	
𣽸	
𣽹	
𣽺	
𣽻	
𣽼	
𣽽	
𣽾	
𣽿	
𣾀	
𣾁	
𣾂	
𣾃	
𣾄	
𣾅	
𣾆	
𣾇	
𣾈	
𣾉	
𣾊	
𣾋	
𣾌	
𣾍	
𣾎	
𣾏	
𣾐	
𣾑	
𣾒	
𣾓	
𣾔	
𣾕	
𣾖	
𣾗	
𣾘	
𣾙	
𣾚	
𣾛	
𣾜	
𣾝	
𣾞	
𣾟	
𣾠	
𣾡	
𣾢	
𣾤	
𣾥	
𣾧	
𣾩	
𣾬	
𣾮	
𣾯	
𣾰	
𣾱	
𣾲	
𣾳	
𣾴	
𣾵	
𣾶	
𣾷	
𣾸	
𣾹	
𣾺	
𣾻	
𣾼	
𣾽	
𣾾	
𣾿	
𣿀	
𣿁	
𣿃	
𣿄	
𣿏	
𣿑	
𣿔	
𣿗	
𣿜	
𣿟	
𣿠	
𣿣	
𣿤	
𣿥	
𣿦	
𣿧	
𣿨	
𣿩	
𣿪	
𣿫	
𣿬	
𣿭	
𣿮	
𣿯	
𣿰	
𣿱	
𣿲	
𣿳	
𣿴	
𣿵	
𣿶	
𣿷	
𣿸	
𣿹	
𣿺	
𣿻	
𣿼	
𣿽	
𣿾	
𣿿	
𤀀	
𤀁	
𤀃	
𤀅	
𤀆	
𤀈	
𤀉	
𤀋	
𤀍	
𤀏	
𤀐	
𤀑	
𤀒	
𤀓	
𤀔	
𤀕	
𤀖	
𤀗	
𤀘	
𤀙	
𤀚	
𤀛	
𤀜	
𤀞	
𤀟	
𤀠	
𤀡	
𤀦	
𤀬	
𤀭	
𤀮	
𤀱	
𤀴	
𤀵	
𤀸	
𤀹	
𤀺	
𤀻	
𤀼	
𤀽	
𤀾	
𤀿	
𤁀	
𤁁	
𤁂	
𤁃	
𤁄	
𤁅	
𤁆	
𤁇	
𤁈	
𤁉	
𤁊	
𤁋	
𤁌	
𤁍	
𤁎	
𤁑	
𤁒	
𤁓	
𤁔	
𤁕	
𤁖	
𤁗	
𤁘	
𤁙	
𤁚	
𤁛	
𤁜	
𤁝	
𤁞	
𤁟	
𤁠	
𤁭	
𤁰	
𤁹	
𤁼	
𤁽	
𤁿	
𤂁	
𤂃	
𤂇	
𤂈	
𤂉	
𤂊	
𤂋	
𤂌	
𤂍	
𤂎	
𤂏	
𤂐	
𤂑	
𤂒	
𤂓	
𤂔	
𤂕	
𤂖	
𤂗	
𤂘	
𤂙	
𤂚	
𤂛	
𤂜	
𤂝	
𤂞	
𤂟	
𤂡	
𤂣	
𤂤	
𤂦	
𤂧	
𤂨	
𤂩	
𤂪	
𤂫	
𤂬	
𤂭	
𤂮	
𤂯	
𤂰	
𤂱	
𤂼	
𤂽	
𤂾	
𤃁	
𤃄	
𤃅	
𤃆	
𤃇	
𤃈	
𤃉	
𤃊	
𤃋	
𤃌	
𤃍	
𤃎	
𤃏	
𤃐	
𤃑	
𤃒	
𤃓	
𤃔	
𤃕	
𤃖	
𤃙	
𤃚	
𤃛	
𤃜	
𤃝	
𤃞	
𤃟	
𤃠	
𤃡	
𤃢	
𤃤	
𤃥	
𤃦	
𤃧	
𤃨	
𤃭	
𤃯	
𤃳	
𤃺	
𤃼	
𤃿	
𤄀	
𤄁	
𤄂	
𤄃	
𤄄	
𤄅	
𤄆	
𤄇	
𤄉	
𤄊	
𤄋	
𤄌	
𤄍	
𤄑	
𤄒	
𤄔	
𤄕	
𤄘	
𤄝	
𤄞	
𤄟	
𤄠	
𤄡	
𤄢	
𤄣	
𤄤	
𤄦	
𤄧	
𤄨	
𤄩	
𤄪	
𤄭	
𤄮	
𤄯	
𤄰	
𤄱	
𤄲	
𤄳	
𤄴	
𤄵	
𤄸	
𤄼	
𤄾	
𤄿	
𤅀	
𤅁	
𤅂	
𤅃	
𤅄	
𤅈	
𤅉	
𤅌	
𤅏	
𤅐	
𤅒	
𤅓	
𤅔	
𤅕	
𤅖	
𤅗	
𤅘	
𤅙	
𤅚	
𤅛	
𤅜	
𤅝	
𤅞	
𤅟	
𤅥	
𤅧	
𤅨	
𤅪	
𤅫	
𤅬	
𤅭	
𤅮	
𤅯	
𤅲	
𤅳	
𤅴	
𤅵	
𤅶	
𤅺	
𤅻	
𤅼	
𤅽	
𤅾	
𤆇	
𤆈	
𤆉	
𤆊	
𤆒	
𤆓	
𤆔	
𤆕	
𤆖	
𤆗	
𤆘	
𤆙	
𤆛	
𤆠	
𤆡	
𤆢	
𤆣	
𤆤	
𤆥	
𤆦	
𤆧	
𤆨	
𤆩	
𤆪	
𤆫	
𤆬	
𤆭	
𤆳	
𤆷	
𤆸	
𤆹	
𤆺	
𤆻	
𤇂	
𤇃	
𤇄	
𤇅	
𤇆	
𤇇	
𤇈	
𤇉	
𤇊	
𤇋	
𤇌	
𤇍	
𤇎	
𤇏	
𤇐	
𤇑	
𤇒	
𤇓	
𤇔	
𤇕	
𤇖	
𤇗	
𤇘	
𤇛	
𤇟	
𤇢	
𤇣	
𤇤	
𤇥	
𤇦	
𤇧	
𤇨	
𤇩	
𤇪	
𤇭	
𤇮	
𤇱	
𤇸	
𤇹	
𤇺	
𤇻	
𤇼	
𤇽	
𤇿	
𤈀	
𤈁	
𤈂	
𤈃	
𤈄	
𤈅	
𤈆	
𤈇	
𤈈	
𤈉	
𤈊	
𤈋	
𤈌	
𤈍	
𤈎	
𤈏	
𤈐	
𤈓	
𤈔	
𤈛	
𤈜	
𤈝	
𤈞	
𤈟	
𤈠	
𤈡	
𤈤	
𤈫	
𤈭	
𤈯	
𤈰	
𤈲	
𤈳	
𤈴	
𤈵	
𤈶	
𤈷	
𤈸	
𤈹	
𤈺	
𤈻	
𤈼	
𤈽	
𤈾	
𤈿	
𤉀	
𤉁	
𤉂	
𤉃	
𤉄	
𤉅	
𤉆	
𤉇	
𤉈	
𤉉	
𤉊	
𤉋	
𤉏	
𤉐	
𤉑	
𤉒	
𤉓	
𤉔	
𤉕	
𤉖	
𤉗	
𤉘	
𤉙	
𤉚	
𤉛	
𤉜	
𤉝	
𤉟	
𤉠	
𤉡	
𤉢	
𤉥	
𤉧	
𤉩	
𤉫	
𤉬	
𤉯	
𤉰	
𤉱	
𤉲	
𤉳	
𤉴	
𤉵	
𤉶	
𤉸	
𤉹	
𤉺	
𤉻	
𤉼	
𤉽	
𤉾	
𤉿	
𤊀	
𤊁	
𤊂	
𤊃	
𤊄	
𤊅	
𤊆	
𤊇	
𤊈	
𤊉	
𤊊	
𤊋	
𤊌	
𤊍	
𤊎	
𤊏	
𤊐	
𤊑	
𤊒	
𤊓	
𤊔	
𤊕	
𤊖	
𤊚	
𤊝	
𤊠	
𤊡	
𤊢	
𤊣	
𤊤	
𤊥	
𤊦	
𤊧	
𤊨	
𤊩	
𤊪	
𤊫	
𤊬	
𤊭	
𤊮	
𤊰	
𤊱	
𤊳	
𤋅	
𤋇	
𤋈	
𤋉	
𤋊	
𤋋	
𤋌	
𤋍	
𤋎	
𤋏	
𤋐	
𤋑	
𤋒	
𤋓	
𤋔	
𤋕	
𤋖	
𤋗	
𤋘	
𤋙	
𤋚	
𤋛	
𤋜	
𤋝	
𤋞	
𤋟	
𤋠	
𤋡	
𤋢	
𤋣	
𤋤	
𤋥	
𤋦	
𤋧	
𤋨	
𤋩	
𤋮	
𤋰	
𤋳	
𤋴	
𤋵	
𤋶	
𤋷	
𤋸	
𤋹	
𤋺	
𤋻	
𤋼	
𤋽	
𤋾	
𤋿	
𤌀	
𤌂	
𤌃	
𤌄	
𤌅	
𤌆	
𤌈	
𤌑	
𤌓	
𤌔	
𤌖	
𤌘	
𤌙	
𤌚	
𤌛	
𤌜	
𤌝	
𤌞	
𤌟	
𤌠	
𤌡	
𤌢	
𤌣	
𤌤	
𤌥	
𤌦	
𤌧	
𤌨	
𤌩	
𤌪	
𤌫	
𤌬	
𤌭	
𤌮	
𤌯	
𤌰	
𤌱	
𤌲	
𤌳	
𤌴	
𤌵	
𤌶	
𤌻	
𤍀	
𤍁	
𤍃	
𤍄	
𤍅	
𤍆	
𤍇	
𤍈	
𤍉	
𤍊	
𤍋	
𤍌	
𤍍	
𤍎	
𤍏	
𤍑	
𤍕	
𤍛	
𤍝	
𤍞	
𤍟	
𤍠	
𤍡	
𤍢	
𤍣	
𤍤	
𤍥	
𤍦	
𤍧	
𤍨	
𤍩	
𤍪	
𤍫	
𤍬	
𤍭	
𤍮	
𤍯	
𤍰	
𤍱	
𤍲	
𤍳	
𤍴	
𤍵	
𤍶	
𤍷	
𤍸	
𤍹	
𤍺	
𤍻	
𤍼	
𤎁	
𤎂	
𤎃	
𤎆	
𤎇	
𤎈	
𤎉	
𤎊	
𤎋	
𤎌	
𤎍	
𤎎	
𤎏	
𤎐	
𤎑	
𤎒	
𤎓	
𤎔	
𤎕	
𤎖	
𤎗	
𤎙	
𤎚	
𤎛	
𤎜	
𤎞	
𤎟	
𤎦	
𤎫	
𤎬	
𤎵	
𤎸	
𤎹	
𤎺	
𤎻	
𤎼	
𤎽	
𤎾	
𤎿	
𤏀	
𤏁	
𤏂	
𤏃	
𤏄	
𤏅	
𤏆	
𤏇	
𤏈	
𤏉	
𤏊	
𤏋	
𤏌	
𤏍	
𤏎	
𤏏	
𤏐	
𤏑	
𤏒	
𤏓	
𤏔	
𤏕	
𤏢	
𤏣	
𤏤	
𤏥	
𤏦	
𤏧	
𤏨	
𤏩	
𤏪	
𤏫	
𤏬	
𤏰	
𤏱	
𤏲	
𤏳	
𤏹	
𤏻	
𤏽	
𤏾	
𤐁	
𤐂	
𤐃	
𤐄	
𤐅	
𤐆	
𤐇	
𤐈	
𤐉	
𤐊	
𤐋	
𤐌	
𤐍	
𤐎	
𤐏	
𤐐	
𤐑	
𤐓	
𤐔	
𤐘	
𤐚	
𤐛	
𤐜	
𤐝	
𤐟	
𤐠	
𤐡	
𤐢	
𤐥	
𤐬	
𤐭	
𤐮	
𤐲	
𤐳	
𤐴	
𤐵	
𤐶	
𤐷	
𤐸	
𤐹	
𤐺	
𤐻	
𤐼	
𤐽	
𤐾	
𤐿	
𤑀	
𤑁	
𤑂	
𤑅	
𤑆	
𤑇	
𤑈	
𤑉	
𤑊	
𤑋	
𤑌	
𤑍	
𤑑	
𤑖	
𤑙	
𤑜	
𤑠	
𤑥	
𤑧	
𤑨	
𤑩	
𤑰	
𤑵	
𤑻	
𤑼	
𤑽	
𤑿	
𤒁	
𤒂	
𤒄	
𤒅	
𤒆	
𤒇	
𤒈	
𤒉	
𤒊	
𤒋	
𤒌	
𤒍	
𤒎	
𤒏	
𤒐	
𤒑	
𤒒	
𤒘	
𤒙	
𤒚	
𤒛	
𤒝	
𤒟	
𤒠	
𤒨	
𤒩	
𤒪	
𤒫	
𤒭	
𤒮	
𤒲	
𤒳	
𤒴	
𤒵	
𤒶	
𤒷	
𤒸	
𤒹	
𤒿	
𤓀	
𤓁	
𤓂	
𤓃	
𤓄	
𤓆	
𤓇	
𤓊	
𤓋	
𤓌	
𤓍	
𤓎	
𤓏	
𤓐	
𤓑	
𤓓	
𤓔	
𤓖	
𤓘	
𤓙	
𤓚	
𤓛	
𤓜	
𤓞	
𤓡	
𤓢	
𤓣	
𤓥	
𤓦	
𤓧	
𤓨	
𤓩	
𤓫	
𤓭	
𤓴	
𤓷	
𤓸	
𤓹	
𤓺	
𤓻	
𤓼	
𤓿	
𤔂	
𤔃	
𤔄	
𤔅	
𤔇	
𤔊	
𤔍	
𤔒	
𤔓	
𤔕	
𤔗	
𤔘	
𤔚	
𤔛	
𤔞	
𤔟	
𤔡	
𤔦	
𤔪	
𤔬	
𤔭	
𤔮	
𤔯	
𤔰	
𤔳	
𤔴	
𤔵	
𤔷	
𤔸	
𤔹	
𤔺	
𤔻	
𤔼	
𤔽	
𤕀	
𤕁	
𤕂	
𤕃	
𤕄	
𤕈	
𤕋	
𤕌	
𤕍	
𤕎	
𤕏	
𤕔	
𤕖	
𤕗	
𤕘	
𤕙	
𤕚	
𤕛	
𤕜	
𤕡	
𤕢	
𤕥	
𤕧	
𤕫	
𤕶	
𤕸	
𤕹	
𤖁	
𤖂	
𤖃	
𤖄	
𤖈	
𤖊	
𤖋	
𤖍	
𤖎	
𤖑	
𤖔	
𤖚	
𤖟	
𤖡	
𤖣	
𤖥	
𤖧	
𤖨	
𤖶	
𤖸	
𤖹	
𤗆	
𤗊	
𤗐	
𤗑	
𤗔	
𤗕	
𤗖	
𤗝	
𤗡	
𤗣	
𤗤	
𤗥	
𤗧	
𤗱	
𤗲	
𤗹	
𤗼	
𤗽	
𤘁	
𤘂	
𤘄	
𤘋	
𤘍	
𤘎	
𤘏	
𤘒	
𤘓	
𤘕	
𤘗	
𤘙	
𤘞	
𤘨	
𤘩	
𤘪	
𤘫	
𤘬	
𤘭	
𤘮	
𤘯	
𤘰	
𤘻	
𤙀	
𤙁	
𤙂	
𤙃	
𤙄	
𤙉	
𤙊	
𤙐	
𤙙	
𤙚	
𤙥	
𤙦	
𤙧	
𤙫	
𤙮	
𤙯	
𤙶	
𤙷	
𤙸	
𤙹	
𤙺	
𤙻	
𤙼	
𤚂	
𤚆	
𤚇	
𤚈	
𤚊	
𤚋	
𤚌	
𤚓	
𤚗	
𤚘	
𤚙	
𤚜	
𤚞	
𤚣	
𤚦	
𤚧	
𤚨	
𤚮	
𤚵	
𤚶	
𤚷	
𤚸	
𤚹	
𤚺	
𤚻	
𤚿	
𤛃	
𤛆	
𤛇	
𤛈	
𤛉	
𤛓	
𤛔	
𤛕	
𤛖	
𤛙	
𤛚	
𤛞	
𤛠	
𤛨	
𤛩	
𤛫	
𤛺	
𤛻	
𤛽	
𤜀	
𤜁	
𤜆	
𤜋	
𤜎	
𤜏	
𤜓	
𤜔	
𤜗	
𤜚	
𤜞	
𤜟	
𤜠	
𤜥	
𤜦	
𤜬	
𤜭	
𤜿	
𤝀	
𤝁	
𤝋	
𤝢	
𤝣	
𤝤	
𤝥	
𤝫	
𤞁	
𤞃	
𤞄	
𤞅	
𤞆	
𤞍	
𤞎	
𤞏	
𤞐	
𤞑	
𤞒	
𤞓	
𤞔	
𤞕	
𤞖	
𤞘	
𤞣	
𤞤	
𤞦	
𤞧	
𤞨	
𤞩	
𤞪	
𤞫	
𤞬	
𤞭	
𤞯	
𤞸	
𤞹	
𤞺	
𤞻	
𤞼	
𤞽	
𤟁	
𤟂	
𤟐	
𤟒	
𤟕	
𤟚	
𤟛	
𤟜	
𤟞	
𤟨	
𤟬	
𤟮	
𤟯	
𤟰	
𤟱	
𤟲	
𤟳	
𤟵	
𤟶	
𤟺	
𤠀	
𤠂	
𤠃	
𤠄	
𤠅	
𤠆	
𤠊	
𤠋	
𤠏	
𤠒	
𤠛	
𤠢	
𤠣	
𤠤	
𤠥	
𤠦	
𤠧	
𤠨	
𤠩	
𤠪	
𤠰	
𤠱	
𤠲	
𤠳	
𤠴	
𤠵	
𤠷	
𤠸	
𤡅	
𤡈	
𤡉	
𤡊	
𤡋	
𤡌	
𤡍	
𤡘	
𤡙	
𤡚	
𤡛	
𤡜	
𤡞	
𤡡	
𤡴	
𤡶	
𤡷	
𤡸	
𤡹	
𤡺	
𤡻	
𤡼	
𤡽	
𤢁	
𤢃	
𤢇	
𤢈	
𤢉	
𤢋	
𤢘	
𤢚	
𤢛	
𤢝	
𤢠	
𤢢	
𤢤	
𤢥	
𤢧	
𤢪	
𤢫	
𤢬	
𤢮	
𤢰	
𤢱	
𤢲	
𤢳	
𤢻	
𤢽	
𤢾	
𤢿	
𤣀	
𤣁	
𤣂	
𤣄	
𤣆	
𤣇	
𤣈	
𤣉	
𤣋	
𤣏	
𤣐	
𤣕	
𤣖	
𤣗	
𤣙	
𤣚	
𤣛	
𤣜	
𤣝	
𤣡	
𤣢	
𤣣	
𤣥	
𤣦	
𤣧	
𤣭	
𤣱	
𤣳	
𤣷	
𤣾	
𤣿	
𤤀	
𤤁	
𤤂	
𤤃	
𤤄	
𤤅	
𤤆	
𤤌	
𤤎	
𤤓	
𤤔	
𤤕	
𤤖	
𤤗	
𤤘	
𤤙	
𤤚	
𤤛	
𤤜	
𤤝	
𤤞	
𤤟	
𤤠	
𤤡	
𤤢	
𤤣	
𤤤	
𤤥	
𤤯	
𤤰	
𤤳	
𤤵	
𤤼	
𤤽	
𤤾	
𤤿	
𤥀	
𤥁	
𤥂	
𤥃	
𤥄	
𤥅	
𤥆	
𤥇	
𤥈	
𤥉	
𤥊	
𤥋	
𤥌	
𤥍	
𤥎	
𤥏	
𤥑	
𤥘	
𤥙	
𤥟	
𤥠	
𤥡	
𤥢	
𤥣	
𤥤	
𤥥	
𤥦	
𤥧	
𤥨	
𤥩	
𤥪	
𤥫	
𤥬	
𤥮	
𤥱	
𤥳	
𤥴	
𤥵	
𤥶	
𤥷	
𤥹	
𤥺	
𤥻	
𤦄	
𤦅	
𤦆	
𤦇	
𤦈	
𤦉	
𤦊	
𤦋	
𤦌	
𤦍	
𤦎	
𤦏	
𤦐	
𤦑	
𤦒	
𤦓	
𤦔	
𤦕	
𤦖	
𤦗	
𤦘	
𤦙	
𤦚	
𤦛	
𤦜	
𤦝	
𤦞	
𤦟	
𤦣	
𤦥	
𤦧	
𤦫	
𤦬	
𤦭	
𤦰	
𤦱	
𤦲	
𤦴	
𤦵	
𤦶	
𤦷	
𤦸	
𤦹	
𤦺	
𤦻	
𤦼	
𤦽	
𤦾	
𤦿	
𤧀	
𤧁	
𤧂	
𤧃	
𤧄	
𤧅	
𤧆	
𤧇	
𤧈	
𤧉	
𤧊	
𤧋	
𤧌	
𤧍	
𤧎	
𤧏	
𤧐	
𤧑	
𤧒	
𤧓	
𤧔	
𤧜	
𤧞	
𤧟	
𤧠	
𤧢	
𤧤	
𤧥	
𤧦	
𤧧	
𤧨	
𤧬	
𤧮	
𤧯	
𤧱	
𤧳	
𤧴	
𤧵	
𤧶	
𤧷	
𤧸	
𤧹	
𤧺	
𤧻	
𤧼	
𤧽	
𤧾	
𤧿	
𤨀	
𤨁	
𤨂	
𤨃	
𤨄	
𤨅	
𤨆	
𤨇	
𤨈	
𤨉	
𤨊	
𤨋	
𤨌	
𤨍	
𤨒	
𤨔	
𤨗	
𤨚	
𤨛	
𤨜	
𤨞	
𤨟	
𤨠	
𤨡	
𤨢	
𤨣	
𤨤	
𤨥	
𤨦	
𤨧	
𤨨	
𤨩	
𤨪	
𤨫	
𤨬	
𤨭	
𤨮	
𤨯	
𤨰	
𤨱	
𤨲	
𤨳	
𤨴	
𤨵	
𤨶	
𤨷	
𤨸	
𤨺	
𤨼	
𤨿	
𤩁	
𤩃	
𤩆	
𤩇	
𤩉	
𤩋	
𤩌	
𤩍	
𤩎	
𤩏	
𤩐	
𤩑	
𤩒	
𤩓	
𤩔	
𤩕	
𤩖	
𤩗	
𤩘	
𤩙	
𤩚	
𤩛	
𤩜	
𤩝	
𤩞	
𤩡	
𤩤	
𤩥	
𤩦	
𤩧	
𤩩	
𤩮	
𤩯	
𤩶	
𤩷	
𤩸	
𤩹	
𤩺	
𤩻	
𤩼	
𤩽	
𤩾	
𤩿	
𤪀	
𤪁	
𤪂	
𤪅	
𤪆	
𤪈	
𤪉	
𤪊	
𤪑	
𤪒	
𤪓	
𤪔	
𤪕	
𤪖	
𤪗	
𤪘	
𤪙	
𤪚	
𤪛	
𤪜	
𤪝	
𤪞	
𤪟	
𤪠	
𤪣	
𤪤	
𤪥	
𤪦	
𤪧	
𤪨	
𤪫	
𤪭	
𤪯	
𤪰	
𤪱	
𤪲	
𤪳	
𤪴	
𤪵	
𤪶	
𤪷	
𤪸	
𤪺	
𤪻	
𤪼	
𤪽	
𤪾	
𤫁	
𤫂	
𤫃	
𤫄	
𤫅	
𤫇	
𤫈	
𤫋	
𤫍	
𤫎	
𤫏	
𤫐	
𤫑	
𤫒	
𤫓	
𤫖	
𤫗	
𤫘	
𤫙	
𤫚	
𤫛	
𤫜	
𤫝	
𤫞	
𤫟	
𤫠	
𤫢	
𤫦	
𤫧	
𤫨	
𤫵	
𤫸	
𤫹	
𤫽	
𤫿	
𤬀	
𤬄	
𤬇	
𤬊	
𤬋	
𤬑	
𤬕	
𤬖	
𤬙	
𤬞	
𤬣	
𤬤	
𤬥	
𤬲	
𤬳	
𤬸	
𤬹	
𤭄	
𤭅	
𤭆	
𤭉	
𤭖	
𤭚	
𤭤	
𤭥	
𤭭	
𤭮	
𤭯	
𤭰	
𤭳	
𤭵	
𤭶	
𤭷	
𤭸	
𤭾	
𤭿	
𤮁	
𤮃	
𤮄	
𤮑	
𤮒	
𤮗	
𤮝	
𤮞	
𤮟	
𤮠	
𤮡	
𤮣	
𤮤	
𤮥	
𤮫	
𤮷	
𤮾	
𤮿	
𤯀	
𤯃	
𤯆	
𤯊	
𤯎	
𤯏	
𤯑	
𤯘	
𤯙	
𤯤	
𤯨	
𤯩	
𤯪	
𤯫	
𤯭	
𤯮	
𤯰	
𤯱	
𤯴	
𤯵	
𤯶	
𤯹	
𤯺	
𤯼	
𤯽	
𤯾	
𤯿	
𤰁	
𤰃	
𤰄	
𤰆	
𤰈	
𤰉	
𤰊	
𤰍	
𤰏	
𤰐	
𤰑	
𤰒	
𤰖	
𤰗	
𤰣	
𤰤	
𤰥	
𤰯	
𤰴	
𤰵	
𤰷	
𤰸	
𤰹	
𤰺	
𤰻	
𤰼	
𤰽	
𤰾	
𤰿	
𤱀	
𤱆	
𤱊	
𤱑	
𤱔	
𤱕	
𤱖	
𤱗	
𤱘	
𤱙	
𤱚	
𤱝	
𤱡	
𤱢	
𤱦	
𤱫	
𤱭	
𤱮	
𤱯	
𤱰	
𤱴	
𤱵	
𤱸	
𤱻	
𤱿	
𤲀	
𤲁	
𤲂	
𤲃	
𤲄	
𤲅	
𤲆	
𤲇	
𤲈	
𤲉	
𤲋	
𤲌	
𤲎	
𤲏	
𤲐	
𤲛	
𤲞	
𤲟	
𤲠	
𤲡	
𤲦	
𤲪	
𤲯	
𤲱	
𤲷	
𤲼	
𤲽	
𤲾	
𤲿	
𤳀	
𤳄	
𤳆	
𤳇	
𤳈	
𤳉	
𤳋	
𤳍	
𤳑	
𤳔	
𤳙	
𤳚	
𤳝	
𤳠	
𤳡	
𤳢	
𤳣	
𤳧	
𤳨	
𤳬	
𤳭	
𤳮	
𤳰	
𤳱	
𤳲	
𤳷	
𤳸	
𤳺	
𤳽	
𤳾	
𤳿	
𤴂	
𤴃	
𤴆	
𤴉	
𤴋	
𤴎	
𤴏	
𤴐	
𤴓	
𤴔	
𤴕	
𤴖	
𤴗	
𤴘	
𤴚	
𤴛	
𤴜	
𤴞	
𤴬	
𤴭	
𤴮	
𤴲	
𤴵	
𤴶	
𤵄	
𤵅	
𤵆	
𤵇	
𤵈	
𤵎	
𤵏	
𤵕	
𤵖	
𤵞	
𤵧	
𤵨	
𤵩	
𤵪	
𤵮	
𤵯	
𤵳	
𤵴	
𤵵	
𤵶	
𤵷	
𤵿	
𤶂	
𤶃	
𤶄	
𤶆	
𤶇	
𤶉	
𤶍	
𤶎	
𤶏	
𤶐	
𤶑	
𤶒	
𤶔	
𤶟	
𤶤	
𤶥	
𤶦	
𤶧	
𤶨	
𤶩	
𤶪	
𤶫	
𤶬	
𤶭	
𤶰	
𤶵	
𤶸	
𤶹	
𤶺	
𤶻	
𤶼	
𤶽	
𤶾	
𤶿	
𤷁	
𤷊	
𤷋	
𤷒	
𤷝	
𤷞	
𤷥	
𤷨	
𤷪	
𤷫	
𤷬	
𤷭	
𤷮	
𤷯	
𤷰	
𤷱	
𤷲	
𤷳	
𤷴	
𤷵	
𤷶	
𤷷	
𤷸	
𤷹	
𤷺	
𤸄	
𤸌	
𤸍	
𤸐	
𤸕	
𤸗	
𤸚	
𤸛	
𤸜	
𤸝	
𤸧	
𤸨	
𤸷	
𤸽	
𤸾	
𤸿	
𤹀	
𤹁	
𤹂	
𤹃	
𤹄	
𤹅	
𤹆	
𤹈	
𤹊	
𤹋	
𤹏	
𤹐	
𤹑	
𤹒	
𤹓	
𤹔	
𤹕	
𤹖	
𤹗	
𤹘	
𤹙	
𤹚	
𤹛	
𤹢	
𤹤	
𤹧	
𤹫	
𤹭	
𤹮	
𤹯	
𤹰	
𤹱	
𤹲	
𤹶	
𤹸	
𤹹	
𤹻	
𤹼	
𤹽	
𤹾	
𤹿	
𤺀	
𤺂	
𤺇	
𤺘	
𤺝	
𤺞	
𤺟	
𤺠	
𤺡	
𤺦	
𤺭	
𤺮	
𤺯	
𤺰	
𤺱	
𤺲	
𤺳	
𤺴	
𤺵	
𤺶	
𤺼	
𤻊	
𤻋	
𤻎	
𤻏	
𤻐	
𤻑	
𤻒	
𤻓	
𤻔	
𤻟	
𤻠	
𤻡	
𤻢	
𤻣	
𤻤	
𤻦	
𤻪	
𤻫	
𤻬	
𤻭	
𤻯	
𤻰	
𤻹	
𤻻	
𤻼	
𤻽	
𤻾	
𤻿	
𤼄	
𤼇	
𤼎	
𤼓	
𤼔	
𤼕	
𤼖	
𤼗	
𤼛	
𤼝	
𤼞	
𤼨	
𤼫	
𤼬	
𤼭	
𤼮	
𤼰	
𤼱	
𤼲	
𤼳	
𤼴	
𤼵	
𤼸	
𤼺	
𤼻	
𤼼	
𤽀	
𤽄	
𤽆	
𤽋	
𤽏	
𤽐	
𤽑	
𤽒	
𤽓	
𤽔	
𤽕	
𤽖	
𤽗	
𤽚	
𤽛	
𤽜	
𤽝	
𤽞	
𤽟	
𤽠	
𤽡	
𤽤	
𤽧	
𤽨	
𤽩	
𤽪	
𤽫	
𤽬	
𤽭	
𤽮	
𤽯	
𤽰	
𤽳	
𤽴	
𤽵	
𤽶	
𤽷	
𤽸	
𤽻	
𤾀	
𤾁	
𤾂	
𤾃	
𤾋	
𤾌	
𤾍	
𤾎	
𤾏	
𤾐	
𤾑	
𤾒	
𤾓	
𤾔	
𤾖	
𤾗	
𤾘	
𤾚	
𤾜	
𤾞	
𤾟	
𤾤	
𤾩	
𤾯	
𤾰	
𤾱	
𤾲	
𤾴	
𤾶	
𤾷	
𤾹	
𤾼	
𤾽	
𤾿	
𤿁	
𤿂	
𤿃	
𤿄	
𤿍	
𤿢	
𤿣	
𤿦	
𤿬	
𤿮	
𤿰	
𤿱	
𤿲	
𤿸	
𤿹	
𤿺	
𥀅	
𥀆	
𥀉	
𥀋	
𥀌	
𥀑	
𥀒	
𥀖	
𥀘	
𥀙	
𥀚	
𥀜	
𥀡	
𥀧	
𥀪	
𥀮	
𥀳	
𥀷	
𥀻	
𥀼	
𥀽	
𥀾	
𥁀	
𥁊	
𥁋	
𥁌	
𥁖	
𥁗	
𥁘	
𥁙	
𥁝	
𥁠	
𥁢	
𥁣	
𥁤	
𥁥	
𥁦	
𥁧	
𥁨	
𥁩	
𥁪	
𥁳	
𥁴	
𥁻	
𥁽	
𥁾	
𥁿	
𥂀	
𥂁	
𥂂	
𥂃	
𥂄	
𥂅	
𥂆	
𥂉	
𥂌	
𥂍	
𥂎	
𥂏	
𥂐	
𥂑	
𥂒	
𥂚	
𥂛	
𥂜	
𥂝	
𥂞	
𥂟	
𥂠	
𥂤	
𥂥	
𥂧	
𥂩	
𥂫	
𥂬	
𥂭	
𥂮	
𥂱	
𥂵	
𥂶	
𥂷	
𥂹	
𥂻	
𥂼	
𥂽	
𥂿	
𥃀	
𥃁	
𥃂	
𥃃	
𥃄	
𥃅	
𥃈	
𥃉	
𥃊	
𥃋	
𥃌	
𥃍	
𥃎	
𥃏	
𥃐	
𥃑	
𥃒	
𥃓	
𥃔	
𥃖	
𥃗	
𥃚	
𥃛	
𥃜	
𥃝	
𥃞	
𥃟	
𥃢	
𥃥	
𥃬	
𥃱	
𥄀	
𥄁	
𥄂	
𥄊	
𥄖	
𥄘	
𥄙	
𥄜	
𥄝	
𥄞	
𥄟	
𥄠	
𥄡	
𥄢	
𥄣	
𥄤	
𥄫	
𥄬	
𥄭	
𥄮	
𥄯	
𥄰	
𥄽	
𥄾	
𥅀	
𥅃	
𥅅	
𥅆	
𥅇	
𥅈	
𥅉	
𥅊	
𥅋	
𥅌	
𥅍	
𥅎	
𥅏	
𥅐	
𥅒	
𥅕	
𥅢	
𥅤	
𥅫	
𥅬	
𥅭	
𥅯	
𥅱	
𥅲	
𥅵	
𥅶	
𥅷	
𥅸	
𥅽	
𥅾	
𥅿	
𥆀	
𥆁	
𥆂	
𥆃	
𥆄	
𥆆	
𥆈	
𥆉	
𥆦	
𥆧	
𥆨	
𥆩	
𥆪	
𥆫	
𥆬	
𥆮	
𥆰	
𥆲	
𥆳	
𥆴	
𥆶	
𥆷	
𥆸	
𥆹	
𥆺	
𥆻	
𥆼	
𥆽	
𥆾	
𥆿	
𥇀	
𥇁	
𥇂	
𥇄	
𥇆	
𥇈	
𥇗	
𥇞	
𥇢	
𥇣	
𥇤	
𥇥	
𥇦	
𥇧	
𥇨	
𥇩	
𥇪	
𥇫	
𥇮	
𥇱	
𥇵	
𥇶	
𥇷	
𥇸	
𥇹	
𥇺	
𥇻	
𥇼	
𥇽	
𥈁	
𥈃	
𥈈	
𥈛	
𥈝	
𥈞	
𥈡	
𥈢	
𥈣	
𥈤	
𥈥	
𥈦	
𥈧	
𥈨	
𥈮	
𥈯	
𥈰	
𥈱	
𥈲	
𥈳	
𥈴	
𥈵	
𥈶	
𥈹	
𥈺	
𥈻	
𥉆	
𥉋	
𥉞	
𥉠	
𥉡	
𥉢	
𥉣	
𥉤	
𥉥	
𥉩	
𥉪	
𥉫	
𥉬	
𥉭	
𥉮	
𥉯	
𥉱	
𥉲	
𥉳	
𥉿	
𥊃	
𥊄	
𥊇	
𥊉	
𥊊	
𥊋	
𥊌	
𥊍	
𥊎	
𥊏	
𥊕	
𥊖	
𥊗	
𥊘	
𥊙	
𥊚	
𥊛	
𥊜	
𥊝	
𥊞	
𥊟	
𥊠	
𥊡	
𥊢	
𥊣	
𥊤	
𥊥	
𥊦	
𥊨	
𥊰	
𥊷	
𥊾	
𥊿	
𥋀	
𥋁	
𥋂	
𥋄	
𥋅	
𥋆	
𥋇	
𥋈	
𥋉	
𥋊	
𥋐	
𥋒	
𥋓	
𥋔	
𥋕	
𥋖	
𥋗	
𥋘	
𥋚	
𥋜	
𥋡	
𥋦	
𥋧	
𥋨	
𥋩	
𥋪	
𥋬	
𥋮	
𥋯	
𥋰	
𥋱	
𥋲	
𥋳	
𥋴	
𥋵	
𥋶	
𥋷	
𥋸	
𥋹	
𥋺	
𥋻	
𥋼	
𥋽	
𥋾	
𥌂	
𥌍	
𥌐	
𥌑	
𥌒	
𥌓	
𥌔	
𥌗	
𥌙	
𥌝	
𥌟	
𥌠	
𥌡	
𥌢	
𥌤	
𥌥	
𥌦	
𥌧	
𥌫	
𥌬	
𥌳	
𥌴	
𥌵	
𥌷	
𥌸	
𥌹	
𥍄	
𥍅	
𥍇	
𥍍	
𥍎	
𥍏	
𥍑	
𥍒	
𥍕	
𥍖	
𥍘	
𥍙	
𥍛	
𥍜	
𥍦	
𥍩	
𥍯	
𥎁	
𥎇	
𥎈	
𥎉	
𥎒	
𥎔	
𥎚	
𥎜	
𥎝	
𥎠	
𥎢	
𥎥	
𥎨	
𥎳	
𥎴	
𥎼	
𥎽	
𥏁	
𥏂	
𥏃	
𥏇	
𥏈	
𥏋	
𥏌	
𥏍	
𥏐	
𥏑	
𥏓	
𥏗	
𥏛	
𥏡	
𥏤	
𥏰	
𥏱	
𥏴	
𥏶	
𥏷	
𥏺	
𥏼	
𥏽	
𥏾	
𥏿	
𥐂	
𥐃	
𥐄	
𥐆	
𥐇	
𥐈	
𥐉	
𥐋	
𥐌	
𥐍	
𥐏	
𥐐	
𥐒	
𥐔	
𥐖	
𥐘	
𥐛	
𥐜	
𥐠	
𥐡	
𥐢	
𥐣	
𥐤	
𥐥	
𥐦	
𥐧	
𥐨	
𥐬	
𥐭	
𥐮	
𥐯	
𥐰	
𥐱	
𥐲	
𥐳	
𥐴	
𥐵	
𥐶	
𥐷	
𥐸	
𥐼	
𥑂	
𥑃	
𥑄	
𥑅	
𥑈	
𥑉	
𥑓	
𥑕	
𥑖	
𥑗	
𥑘	
𥑙	
𥑚	
𥑛	
𥑜	
𥑝	
𥑞	
𥑣	
𥑨	
𥑪	
𥑬	
𥑭	
𥑮	
𥑯	
𥑱	
𥑽	
𥒃	
𥒄	
𥒅	
𥒆	
𥒇	
𥒈	
𥒉	
𥒊	
𥒋	
𥒌	
𥒍	
𥒎	
𥒏	
𥒑	
𥒗	
𥒛	
𥒣	
𥒤	
𥒥	
𥒦	
𥒧	
𥒩	
𥒯	
𥒷	
𥒸	
𥒹	
𥒺	
𥒻	
𥒼	
𥓄	
𥓅	
𥓇	
𥓈	
𥓉	
𥓊	
𥓓	
𥓘	
𥓙	
𥓚	
𥓛	
𥓜	
𥓝	
𥓞	
𥓟	
𥓠	
𥓡	
𥓢	
𥓣	
𥓤	
𥓥	
𥓦	
𥓧	
𥓨	
𥓩	
𥓱	
𥓲	
𥓳	
𥓴	
𥓵	
𥓶	
𥓷	
𥓸	
𥓹	
𥓼	
𥓿	
𥔄	
𥔆	
𥔇	
𥔉	
𥔊	
𥔋	
𥔌	
𥔍	
𥔎	
𥔏	
𥔒	
𥔓	
𥔔	
𥔕	
𥔖	
𥔗	
𥔘	
𥔙	
𥔚	
𥔛	
𥔜	
𥔝	
𥔞	
𥔟	
𥔠	
𥔤	
𥔥	
𥔦	
𥔧	
𥔨	
𥔪	
𥔫	
𥔬	
𥔴	
𥔵	
𥔶	
𥔷	
𥔸	
𥔹	
𥔺	
𥕃	
𥕄	
𥕅	
𥕇	
𥕈	
𥕊	
𥕒	
𥕗	
𥕙	
𥕚	
𥕛	
𥕜	
𥕝	
𥕞	
𥕟	
𥕠	
𥕥	
𥕦	
𥕧	
𥕨	
𥕩	
𥕪	
𥕫	
𥕬	
𥕭	
𥕯	
𥕾	
𥖀	
𥖁	
𥖂	
𥖃	
𥖄	
𥖅	
𥖆	
𥖇	
𥖈	
𥖉	
𥖊	
𥖍	
𥖏	
𥖐	
𥖑	
𥖒	
𥖓	
𥖔	
𥖕	
𥖖	
𥖢	
𥖣	
𥖤	
𥖥	
𥖦	
𥖧	
𥖩	
𥖫	
𥖬	
𥖭	
𥖮	
𥖯	
𥖰	
𥖱	
𥖴	
𥖸	
𥖹	
𥖺	
𥗃	
𥗄	
𥗅	
𥗆	
𥗈	
𥗌	
𥗍	
𥗎	
𥗏	
𥗐	
𥗔	
𥗕	
𥗖	
𥗗	
𥗘	
𥗚	
𥗛	
𥗜	
𥗠	
𥗡	
𥗢	
𥗣	
𥗨	
𥗩	
𥗯	
𥗰	
𥗲	
𥗳	
𥗷	
𥗸	
𥗹	
𥗻	
𥗽	
𥗿	
𥘀	
𥘂	
𥘈	
𥘉	
𥘍	
𥘎	
𥘗	
𥘘	
𥘙	
𥘚	
𥘛	
𥘜	
𥘝	
𥘞	
𥘠	
𥘪	
𥘳	
𥘴	
𥘵	
𥘶	
𥘷	
𥘸	
𥘹	
𥘺	
𥘻	
𥘼	
𥘽	
𥘾	
𥘿	
𥙄	
𥙈	
𥙌	
𥙏	
𥙐	
𥙑	
𥙒	
𥙓	
𥙔	
𥙕	
𥙖	
𥙗	
𥙘	
𥙙	
𥙚	
𥙛	
𥙜	
𥙝	
𥙠	
𥙡	
𥙤	
𥙥	
𥙧	
𥙩	
𥙪	
𥙯	
𥙰	
𥙲	
𥙴	
𥙵	
𥙶	
𥙷	
𥙸	
𥙹	
𥙺	
𥙻	
𥙼	
𥙽	
𥚁	
𥚃	
𥚄	
𥚅	
𥚆	
𥚇	
𥚍	
𥚎	
𥚏	
𥚐	
𥚑	
𥚒	
𥚓	
𥚔	
𥚕	
𥚖	
𥚗	
𥚘	
𥚙	
𥚜	
𥚝	
𥚟	
𥚡	
𥚣	
𥚤	
𥚥	
𥚨	
𥚪	
𥚬	
𥚭	
𥚮	
𥚯	
𥚰	
𥚱	
𥚲	
𥚳	
𥚴	
𥚵	
𥚶	
𥚷	
𥚸	
𥚹	
𥚼	
𥚽	
𥚿	
𥛀	
𥛂	
𥛄	
𥛆	
𥛉	
𥛊	
𥛋	
𥛌	
𥛍	
𥛎	
𥛏	
𥛓	
𥛕	
𥛖	
𥛗	
𥛙	
𥛛	
𥛠	
𥛡	
𥛢	
𥛣	
𥛤	
𥛬	
𥛭	
𥛵	
𥛶	
𥛷	
𥛸	
𥛹	
𥛺	
𥛽	
𥜀	
𥜁	
𥜂	
𥜄	
𥜆	
𥜇	
𥜈	
𥜉	
𥜊	
𥜋	
𥜌	
𥜏	
𥜑	
𥜕	
𥜖	
𥜘	
𥜜	
𥜝	
𥜞	
𥜡	
𥜢	
𥜣	
𥜤	
𥜦	
𥜨	
𥜩	
𥜪	
𥜫	
𥜭	
𥜮	
𥜯	
𥜱	
𥜳	
𥜷	
𥜹	
𥜺	
𥜻	
𥜼	
𥜽	
𥜾	
𥝁	
𥝄	
𥝅	
𥝇	
𥝋	
𥝎	
𥝏	
𥝗	
𥝙	
𥝚	
𥝛	
𥝜	
𥝝	
𥝞	
𥝰	
𥝱	
𥝲	
𥝳	
𥝴	
𥝵	
𥝶	
𥝺	
𥝽	
𥞇	
𥞈	
𥞉	
𥞖	
𥞗	
𥞙	
𥞟	
𥞠	
𥞡	
𥞢	
𥞣	
𥞯	
𥞷	
𥞼	
𥞽	
𥞾	
𥞿	
𥟃	
𥟄	
𥟆	
𥟇	
𥟈	
𥟉	
𥟊	
𥟌	
𥟑	
𥟔	
𥟗	
𥟙	
𥟚	
𥟛	
𥟝	
𥟞	
𥟟	
𥟠	
𥟡	
𥟢	
𥟣	
𥟤	
𥟥	
𥟦	
𥟧	
𥟨	
𥟩	
𥟫	
𥟬	
𥟮	
𥟯	
𥟰	
𥟲	
𥟳	
𥟵	
𥟹	
𥟺	
𥟼	
𥠇	
𥠌	
𥠍	
𥠎	
𥠏	
𥠐	
𥠑	
𥠒	
𥠓	
𥠔	
𥠕	
𥠖	
𥠗	
𥠘	
𥠛	
𥠝	
𥠠	
𥠢	
𥠤	
𥠧	
𥠫	
𥠬	
𥠭	
𥠮	
𥠯	
𥠰	
𥠸	
𥠻	
𥡂	
𥡃	
𥡄	
𥡅	
𥡆	
𥡇	
𥡈	
𥡉	
𥡊	
𥡋	
𥡌	
𥡍	
𥡑	
𥡓	
𥡔	
𥡖	
𥡗	
𥡘	
𥡚	
𥡤	
𥡰	
𥡱	
𥡲	
𥡳	
𥡴	
𥡵	
𥡶	
𥡷	
𥡺	
𥡻	
𥡼	
𥡽	
𥡾	
𥢀	
𥢂	
𥢃	
𥢄	
𥢅	
𥢆	
𥢇	
𥢈	
𥢉	
𥢋	
𥢓	
𥢖	
𥢗	
𥢘	
𥢙	
𥢚	
𥢛	
𥢜	
𥢝	
𥢞	
𥢟	
𥢣	
𥢦	
𥢩	
𥢪	
𥢫	
𥢬	
𥢮	
𥢰	
𥢱	
𥢳	
𥢾	
𥢿	
𥣀	
𥣁	
𥣂	
𥣃	
𥣄	
𥣅	
𥣆	
𥣉	
𥣊	
𥣌	
𥣍	
𥣏	
𥣐	
𥣑	
𥣒	
𥣔	
𥣕	
𥣝	
𥣟	
𥣠	
𥣡	
𥣢	
𥣣	
𥣦	
𥣨	
𥣳	
𥣴	
𥣵	
𥣶	
𥣷	
𥣸	
𥣹	
𥣺	
𥣼	
𥣽	
𥣾	
𥣿	
𥤄	
𥤅	
𥤈	
𥤍	
𥤏	
𥤑	
𥤔	
𥤕	
𥤖	
𥤙	
𥤛	
𥤝	
𥤠	
𥤢	
𥤫	
𥤬	
𥤭	
𥤯	
𥤰	
𥥀	
𥥁	
𥥂	
𥥃	
𥥎	
𥥏	
𥥕	
𥥖	
𥥗	
𥥘	
𥥙	
𥥚	
𥥞	
𥥢	
𥥦	
𥥪	
𥥫	
𥥬	
𥥭	
𥥮	
𥥲	
𥥼	
𥥿	
𥦅	
𥦇	
𥦋	
𥦍	
𥦐	
𥦑	
𥦒	
𥦓	
𥦕	
𥦖	
𥦗	
𥦚	
𥦣	
𥦤	
𥦥	
𥦦	
𥦪	
𥦫	
𥦬	
𥦭	
𥦮	
𥦯	
𥦰	
𥦱	
𥦲	
𥦴	
𥦵	
𥦹	
𥦻	
𥦼	
𥦾	
𥦿	
𥧀	
𥧁	
𥧂	
𥧃	
𥧄	
𥧅	
𥧈	
𥧌	
𥧍	
𥧎	
𥧏	
𥧐	
𥧗	
𥧘	
𥧞	
𥧠	
𥧨	
𥧩	
𥧪	
𥧲	
𥧳	
𥧴	
𥧷	
𥧺	
𥧻	
𥧼	
𥧽	
𥧾	
𥧿	
𥨀	
𥨁	
𥨂	
𥨃	
𥨄	
𥨈	
𥨉	
𥨊	
𥨋	
𥨌	
𥨐	
𥨓	
𥨔	
𥨖	
𥨗	
𥨘	
𥨙	
𥨚	
𥨜	
𥨝	
𥨞	
𥨠	
𥨡	
𥨢	
𥨣	
𥨥	
𥨦	
𥨧	
𥨨	
𥨩	
𥨪	
𥨬	
𥨭	
𥨮	
𥨯	
𥨰	
𥨲	
𥨳	
𥨴	
𥨵	
𥨷	
𥨸	
𥨼	
𥩃	
𥩅	
𥩇	
𥩈	
𥩉	
𥩍	
𥩎	
𥩏	
𥩒	
𥩓	
𥩕	
𥩚	
𥩛	
𥩜	
𥩧	
𥩨	
𥩩	
𥩪	
𥩫	
𥩬	
𥩭	
𥩯	
𥩰	
𥩷	
𥩸	
𥩹	
𥪃	
𥪄	
𥪅	
𥪆	
𥪇	
𥪈	
𥪉	
𥪎	
𥪐	
𥪑	
𥪒	
𥪓	
𥪔	
𥪖	
𥪜	
𥪝	
𥪞	
𥪟	
𥪠	
𥪡	
𥪣	
𥪤	
𥪨	
𥪩	
𥪪	
𥪬	
𥪭	
𥪮	
𥪲	
𥪶	
𥪸	
𥪻	
𥪽	
𥪾	
𥫀	
𥫄	
𥫅	
𥫆	
𥫇	
𥫈	
𥫊	
𥫌	
𥫍	
𥫏	
𥫐	
𥫑	
𥫒	
𥫓	
𥫕	
𥫖	
𥫘	
𥫣	
𥫤	
𥫥	
𥫦	
𥫧	
𥫨	
𥫩	
𥫪	
𥫭	
𥫮	
𥫾	
𥫿	
𥬀	
𥬁	
𥬂	
𥬃	
𥬄	
𥬅	
𥬊	
𥬋	
𥬑	
𥬘	
𥬚	
𥬜	
𥬟	
𥬠	
𥬡	
𥬢	
𥬣	
𥬤	
𥬥	
𥬦	
𥬧	
𥬨	
𥬩	
𥬶	
𥬺	
𥬽	
𥬿	
𥭀	
𥭁	
𥭂	
𥭃	
𥭄	
𥭅	
𥭆	
𥭇	
𥭈	
𥭉	
𥭍	
𥭎	
𥭏	
𥭔	
𥭖	
𥭚	
𥭣	
𥭤	
𥭩	
𥭪	
𥭫	
𥭬	
𥭯	
𥭰	
𥭲	
𥭳	
𥭴	
𥭵	
𥭶	
𥭷	
𥭸	
𥭹	
𥭺	
𥭻	
𥭼	
𥭽	
𥭾	
𥭿	
𥮀	
𥮁	
𥮂	
𥮃	
𥮄	
𥮅	
𥮆	
𥮇	
𥮈	
𥮉	
𥮊	
𥮋	
𥮌	
𥮎	
𥮓	
𥮟	
𥮢	
𥮣	
𥮧	
𥮪	
𥮮	
𥮰	
𥮱	
𥮲	
𥮳	
𥮴	
𥮵	
𥮶	
𥮷	
𥮸	
𥮹	
𥮺	
𥮻	
𥮼	
𥮽	
𥮾	
𥮿	
𥯀	
𥯁	
𥯂	
𥯅	
𥯆	
𥯇	
𥯈	
𥯉	
𥯊	
𥯋	
𥯌	
𥯍	
𥯎	
𥯏	
𥯐	
𥯣	
𥯯	
𥯲	
𥯺	
𥯻	
𥯼	
𥯾	
𥯿	
𥰀	
𥰁	
𥰃	
𥰄	
𥰅	
𥰆	
𥰇	
𥰈	
𥰉	
𥰊	
𥰋	
𥰌	
𥰍	
𥰎	
𥰏	
𥰐	
𥰑	
𥰒	
𥰓	
𥰔	
𥰕	
𥰖	
𥰗	
𥰚	
𥰬	
𥰳	
𥰷	
𥰻	
𥰽	
𥱁	
𥱂	
𥱃	
𥱅	
𥱆	
𥱈	
𥱉	
𥱊	
𥱋	
𥱌	
𥱍	
𥱎	
𥱏	
𥱐	
𥱑	
𥱒	
𥱓	
𥱔	
𥱕	
𥱖	
𥱗	
𥱘	
𥱙	
𥱚	
𥱛	
𥱜	
𥱝	
𥱞	
𥱟	
𥱠	
𥱡	
𥱢	
𥱣	
𥱤	
𥱥	
𥱦	
𥱪	
𥱫	
𥱬	
𥱭	
𥱮	
𥱯	
𥱰	
𥱱	
𥱲	
𥱳	
𥱴	
𥱼	
𥲁	
𥲂	
𥲃	
𥲇	
𥲏	
𥲒	
𥲓	
𥲔	
𥲖	
𥲗	
𥲜	
𥲝	
𥲞	
𥲢	
𥲣	
𥲦	
𥲨	
𥲩	
𥲬	
𥲭	
𥲮	
𥲯	
𥲰	
𥲱	
𥲲	
𥲳	
𥲴	
𥲵	
𥲶	
𥲷	
𥲸	
𥲹	
𥲺	
𥲻	
𥲽	
𥲾	
𥲿	
𥳀	
𥳁	
𥳂	
𥳃	
𥳄	
𥳅	
𥳑	
𥳠	
𥳤	
𥳦	
𥳧	
𥳨	
𥳫	
𥳭	
𥳲	
𥳸	
𥳹	
𥳺	
𥳻	
𥳼	
𥳽	
𥳾	
𥳿	
𥴀	
𥴁	
𥴂	
𥴃	
𥴄	
𥴅	
𥴆	
𥴇	
𥴈	
𥴉	
𥴊	
𥴋	
𥴌	
𥴍	
𥴎	
𥴏	
𥴑	
𥴗	
𥴘	
𥴙	
𥴚	
𥴛	
𥴜	
𥴝	
𥴞	
𥴟	
𥴠	
𥴳	
𥴵	
𥴶	
𥴸	
𥴾	
𥵀	
𥵁	
𥵂	
𥵃	
𥵄	
𥵅	
𥵆	
𥵇	
𥵈	
𥵉	
𥵊	
𥵋	
𥵌	
𥵍	
𥵎	
𥵏	
𥵒	
𥵔	
𥵕	
𥵖	
𥵗	
𥵘	
𥵙	
𥵚	
𥵛	
𥵦	
𥵭	
𥵮	
𥵯	
𥵰	
𥵱	
𥵲	
𥵴	
𥵶	
𥵷	
𥵸	
𥵹	
𥵺	
𥵻	
𥵽	
𥵾	
𥵿	
𥶀	
𥶁	
𥶂	
𥶃	
𥶄	
𥶅	
𥶉	
𥶎	
𥶕	
𥶖	
𥶗	
𥶚	
𥶝	
𥶞	
𥶟	
𥶠	
𥶡	
𥶢	
𥶣	
𥶤	
𥶥	
𥶦	
𥶧	
𥶨	
𥶩	
𥶪	
𥶫	
𥶮	
𥶯	
𥶰	
𥶱	
𥶲	
𥶳	
𥶶	
𥶸	
𥶺	
𥷂	
𥷄	
𥷅	
𥷉	
𥷊	
𥷋	
𥷌	
𥷍	
𥷎	
𥷏	
𥷐	
𥷑	
𥷒	
𥷓	
𥷚	
𥷛	
𥷜	
𥷞	
𥷟	
𥷠	
𥷡	
𥷢	
𥷣	
𥷤	
𥷦	
𥷧	
𥷪	
𥷭	
𥷯	
𥷰	
𥷲	
𥷴	
𥷵	
𥷶	
𥷷	
𥷸	
𥷺	
𥷻	
𥷼	
𥷽	
𥷿	
𥸁	
𥸂	
𥸃	
𥸄	
𥸅	
𥸆	
𥸇	
𥸋	
𥸌	
𥸍	
𥸎	
𥸏	
𥸑	
𥸒	
𥸓	
𥸔	
𥸖	
𥸘	
𥸙	
𥸜	
𥸝	
𥸞	
𥸟	
𥸠	
𥸦	
𥸩	
𥸮	
𥸯	
𥸰	
𥸱	
𥸸	
𥸹	
𥸺	
𥸻	
𥸼	
𥸽	
𥸿	
𥹀	
𥹏	
𥹐	
𥹑	
𥹒	
𥹘	
𥹙	
𥹛	
𥹟	
𥹣	
𥹤	
𥹥	
𥹦	
𥹧	
𥹨	
𥹭	
𥹮	
𥹯	
𥹰	
𥹺	
𥹼	
𥺀	
𥺁	
𥺂	
𥺃	
𥺄	
𥺅	
𥺆	
𥺇	
𥺋	
𥺎	
𥺏	
𥺐	
𥺑	
𥺒	
𥺓	
𥺔	
𥺕	
𥺖	
𥺗	
𥺛	
𥺠	
𥺥	
𥺦	
𥺧	
𥺨	
𥺩	
𥺪	
𥺫	
𥺬	
𥺭	
𥺮	
𥺯	
𥺰	
𥺱	
𥺲	
𥺳	
𥺵	
𥺶	
𥺸	
𥺹	
𥺺	
𥺻	
𥺼	
𥺽	
𥺾	
𥺿	
𥻀	
𥻊	
𥻍	
𥻎	
𥻔	
𥻕	
𥻗	
𥻘	
𥻙	
𥻚	
𥻛	
𥻜	
𥻠	
𥻡	
𥻢	
𥻣	
𥻪	
𥻯	
𥻱	
𥻲	
𥻸	
𥻹	
𥻺	
𥻻	
𥻼	
𥻽	
𥼄	
𥼅	
𥼇	
𥼈	
𥼊	
𥼋	
𥼌	
𥼍	
𥼎	
𥼏	
𥼐	
𥼑	
𥼒	
𥼕	
𥼖	
𥼗	
𥼙	
𥼞	
𥼟	
𥼡	
𥼢	
𥼣	
𥼤	
𥼥	
𥼦	
𥼧	
𥼨	
𥼰	
𥼱	
𥼲	
𥼳	
𥼵	
𥼿	
𥽀	
𥽃	
𥽄	
𥽅	
𥽆	
𥽊	
𥽋	
𥽌	
𥽍	
𥽎	
𥽐	
𥽑	
𥽒	
𥽓	
𥽔	
𥽕	
𥽖	
𥽚	
𥽛	
𥽜	
𥽝	
𥽞	
𥽡	
𥽢	
𥽣	
𥽤	
𥽦	
𥽧	
𥽨	
𥽩	
𥽪	
𥽫	
𥽮	
𥽯	
𥽲	
𥽵	
𥽺	
𥽽	
𥽾	
𥾃	
𥾈	
𥾉	
𥾒	
𥾔	
𥾗	
𥾘	
𥾟	
𥾨	
𥾬	
𥾱	
𥾲	
𥾳	
𥾴	
𥾵	
𥾶	
𥾷	
𥾸	
𥾼	
𥾽	
𥾾	
𥾿	
𥿀	
𥿁	
𥿂	
𥿐	
𥿒	
𥿔	
𥿕	
𥿖	
𥿗	
𥿘	
𥿙	
𥿚	
𥿠	
𥿡	
𥿢	
𥿣	
𥿤	
𥿥	
𥿪	
𥿲	
𥿴	
𥿵	
𥿻	
𥿼	
𥿽	
𥿾	
𥿿	
𦀀	
𦀁	
𦀂	
𦀃	
𦀄	
𦀅	
𦀆	
𦀇	
𦀊	
𦀋	
𦀌	
𦀍	
𦀎	
𦀏	
𦀐	
𦀑	
𦀞	
𦀢	
𦀣	
𦀥	
𦀦	
𦀩	
𦀪	
𦀫	
𦀬	
𦀭	
𦀮	
𦀯	
𦀰	
𦀱	
𦀲	
𦀳	
𦀴	
𦀵	
𦀶	
𦀷	
𦀹	
𦀺	
𦀻	
𦀼	
𦀽	
𦀾	
𦀿	
𦁀	
𦁁	
𦁂	
𦁃	
𦁅	
𦁇	
𦁋	
𦁒	
𦁓	
𦁔	
𦁗	
𦁘	
𦁚	
𦁛	
𦁞	
𦁟	
𦁠	
𦁡	
𦁢	
𦁣	
𦁤	
𦁥	
𦁦	
𦁧	
𦁨	
𦁩	
𦁪	
𦁫	
𦁬	
𦁭	
𦁮	
𦁯	
𦁰	
𦁱	
𦁸	
𦁹	
𦁺	
𦁻	
𦁼	
𦁽	
𦁾	
𦁿	
𦂂	
𦂆	
𦂇	
𦂊	
𦂋	
𦂑	
𦂖	
𦂘	
𦂙	
𦂚	
𦂝	
𦂟	
𦂢	
𦂣	
𦂤	
𦂥	
𦂦	
𦂧	
𦂨	
𦂩	
𦂪	
𦂫	
𦂬	
𦂭	
𦂮	
𦂯	
𦂰	
𦂱	
𦂲	
𦂴	
𦂵	
𦂷	
𦂸	
𦂹	
𦂺	
𦂻	
𦂼	
𦂽	
𦂾	
𦂿	
𦃀	
𦃁	
𦃂	
𦃉	
𦃌	
𦃍	
𦃕	
𦃚	
𦃝	
𦃠	
𦃡	
𦃥	
𦃦	
𦃧	
𦃨	
𦃩	
𦃪	
𦃫	
𦃬	
𦃭	
𦃮	
𦃯	
𦃰	
𦃱	
𦃲	
𦃳	
𦃴	
𦃵	
𦃶	
𦃷	
𦃸	
𦃹	
𦃺	
𦃾	
𦃿	
𦄀	
𦄁	
𦄂	
𦄃	
𦄄	
𦄅	
𦄆	
𦄇	
𦄈	
𦄊	
𦄓	
𦄖	
𦄗	
𦄘	
𦄙	
𦄚	
𦄛	
𦄜	
𦄝	
𦄞	
𦄟	
𦄠	
𦄡	
𦄢	
𦄣	
𦄤	
𦄥	
𦄦	
𦄧	
𦄨	
𦄩	
𦄪	
𦄫	
𦄬	
𦄭	
𦄮	
𦄲	
𦄳	
𦄴	
𦄵	
𦄶	
𦄷	
𦄸	
𦄹	
𦄺	
𦄻	
𦅋	
𦅎	
𦅐	
𦅖	
𦅗	
𦅘	
𦅙	
𦅚	
𦅛	
𦅜	
𦅝	
𦅞	
𦅟	
𦅠	
𦅡	
𦅢	
𦅣	
𦅤	
𦅥	
𦅩	
𦅭	
𦅮	
𦅯	
𦅰	
𦅱	
𦅲	
𦅳	
𦅴	
𦅹	
𦅺	
𦅽	
𦆇	
𦆊	
𦆋	
𦆌	
𦆍	
𦆏	
𦆐	
𦆑	
𦆒	
𦆓	
𦆔	
𦆗	
𦆘	
𦆙	
𦆚	
𦆛	
𦆡	
𦆢	
𦆣	
𦆥	
𦆧	
𦆫	
𦆬	
𦆭	
𦆮	
𦆯	
𦆰	
𦆱	
𦆲	
𦆳	
𦆴	
𦆵	
𦆶	
𦆷	
𦆹	
𦆺	
𦇂	
𦇅	
𦇆	
𦇇	
𦇈	
𦇉	
𦇊	
𦇋	
𦇌	
𦇍	
𦇐	
𦇒	
𦇕	
𦇚	
𦇜	
𦇝	
𦇞	
𦇟	
𦇠	
𦇡	
𦇢	
𦇦	
𦇪	
𦇭	
𦇮	
𦇯	
𦇲	
𦇳	
𦇴	
𦇶	
𦇻	
𦇼	
𦇽	
𦇾	
𦇿	
𦈀	
𦈁	
𦈂	
𦈄	
𦈅	
𦈆	
𦈇	
𦈈	
𦈉	
𦈊	
𦈋	
𦈌	
𦈍	
𦈎	
𦈏	
𦈐	
𦈑	
𦈒	
𦈓	
𦈔	
𦈕	
𦈖	
𦈗	
𦈘	
𦈙	
𦈚	
𦈛	
𦈜	
𦈝	
𦈞	
𦈟	
𦈠	
𦈡	
𦈥	
𦈩	
𦈪	
𦈮	
𦈳	
𦈽	
𦈾	
𦈿	
𦉀	
𦉃	
𦉄	
𦉅	
𦉊	
𦉋	
𦉌	
𦉑	
𦉒	
𦉓	
𦉔	
𦉗	
𦉘	
𦉚	
𦉛	
𦉠	
𦉡	
𦉤	
𦉦	
𦉨	
𦉩	
𦉫	
𦉱	
𦉲	
𦉳	
𦉴	
𦉵	
𦉺	
𦉻	
𦉽	
𦉿	
𦊀	
𦊄	
𦊅	
𦊆	
𦊇	
𦊈	
𦊉	
𦊌	
𦊍	
𦊗	
𦊙	
𦊚	
𦊛	
𦊜	
𦊝	
𦊞	
𦊟	
𦊠	
𦊡	
𦊢	
𦊣	
𦊤	
𦊦	
𦊨	
𦊩	
𦊰	
𦊱	
𦊲	
𦊳	
𦊴	
𦊵	
𦊶	
𦊷	
𦊺	
𦊻	
𦋀	
𦋁	
𦋂	
𦋄	
𦋅	
𦋋	
𦋌	
𦋍	
𦋎	
𦋏	
𦋐	
𦋑	
𦋒	
𦋔	
𦋕	
𦋖	
𦋗	
𦋘	
𦋙	
𦋚	
𦋛	
𦋜	
𦋟	
𦋢	
𦋣	
𦋥	
𦋦	
𦋧	
𦋨	
𦋪	
𦋫	
𦋬	
𦋭	
𦋮	
𦋱	
𦋲	
𦋴	
𦋶	
𦋷	
𦋸	
𦋻	
𦋼	
𦌂	
𦌃	
𦌄	
𦌅	
𦌆	
𦌇	
𦌈	
𦌋	
𦌌	
𦌍	
𦌎	
𦌏	
𦌐	
𦌑	
𦌓	
𦌖	
𦌘	
𦌙	
𦌛	
𦌜	
𦌝	
𦌞	
𦌣	
𦌤	
𦌥	
𦌦	
𦌧	
𦌨	
𦌩	
𦌯	
𦌱	
𦌲	
𦌳	
𦌴	
𦌸	
𦌹	
𦌻	
𦌽	
𦍂	
𦍃	
𦍄	
𦍅	
𦍆	
𦍇	
𦍉	
𦍊	
𦍍	
𦍖	
𦍚	
𦍛	
𦍠	
𦍡	
𦍢	
𦍮	
𦍯	
𦍰	
𦍸	
𦍿	
𦎀	
𦎅	
𦎔	
𦎕	
𦎖	
𦎙	
𦎚	
𦎛	
𦎡	
𦎪	
𦎫	
𦎮	
𦎳	
𦎶	
𦎽	
𦎾	
𦎿	
𦏀	
𦏁	
𦏂	
𦏄	
𦏎	
𦏏	
𦏐	
𦏒	
𦏓	
𦏝	
𦏞	
𦏠	
𦏡	
𦏥	
𦏦	
𦏭	
𦏮	
𦏱	
𦏽	
𦏾	
𦐏	
𦐐	
𦐑	
𦐒	
𦐓	
𦐔	
𦐙	
𦐝	
𦐟	
𦐫	
𦐮	
𦐯	
𦐱	
𦐲	
𦐳	
𦐴	
𦐵	
𦐶	
𦐷	
𦑁	
𦑂	
𦑃	
𦑄	
𦑅	
𦑆	
𦑑	
𦑒	
𦑓	
𦑔	
𦑕	
𦑗	
𦑫	
𦑬	
𦑸	
𦑹	
𦑾	
𦑿	
𦒂	
𦒅	
𦒈	
𦒉	
𦒊	
𦒋	
𦒌	
𦒕	
𦒗	
𦒘	
𦒙	
𦒚	
𦒛	
𦒟	
𦒠	
𦒢	
𦒣	
𦒤	
𦒫	
𦒭	
𦒯	
𦒵	
𦒹	
𦒺	
𦒼	
𦒽	
𦓁	
𦓃	
𦓅	
𦓇	
𦓉	
𦓊	
𦓌	
𦓍	
𦓑	
𦓛	
𦓜	
𦓠	
𦓡	
𦓤	
𦓦	
𦓩	
𦓫	
𦓭	
𦓲	
𦓶	
𦓿	
𦔀	
𦔁	
𦔇	
𦔈	
𦔊	
𦔑	
𦔒	
𦔘	
𦔙	
𦔚	
𦔡	
𦔢	
𦔣	
𦔤	
𦔧	
𦔪	
𦔲	
𦔳	
𦕁	
𦕂	
𦕃	
𦕄	
𦕅	
𦕊	
𦕋	
𦕎	
𦕓	
𦕔	
𦕖	
𦕚	
𦕛	
𦕜	
𦕝	
𦕞	
𦕟	
𦕡	
𦕢	
𦕣	
𦕤	
𦕥	
𦕦	
𦕧	
𦕨	
𦕩	
𦕪	
𦕫	
𦕬	
𦕭	
𦕮	
𦕯	
𦕲	
𦕳	
𦖁	
𦖂	
𦖃	
𦖄	
𦖇	
𦖎	
𦖏	
𦖑	
𦖒	
𦖓	
𦖔	
𦖕	
𦖖	
𦖗	
𦖘	
𦖙	
𦖚	
𦖛	
𦖜	
𦖡	
𦖭	
𦖮	
𦖯	
𦖰	
𦖱	
𦖲	
𦖳	
𦖴	
𦖵	
𦖶	
𦖹	
𦖻	
𦗄	
𦗅	
𦗆	
𦗇	
𦗈	
𦗉	
𦗊	
𦗌	
𦗎	
𦗏	
𦗘	
𦗝	
𦗞	
𦗤	
𦗦	
𦗩	
𦗪	
𦗫	
𦗬	
𦗯	
𦗰	
𦗱	
𦗲	
𦗶	
𦗷	
𦗸	
𦗹	
𦗻	
𦗽	
𦘀	
𦘁	
𦘂	
𦘃	
𦘆	
𦘇	
𦘋	
𦘎	
𦘏	
𦘐	
𦘑	
𦘕	
𦘘	
𦘙	
𦘚	
𦘛	
𦘜	
𦘝	
𦘟	
𦘡	
𦘢	
𦘥	
𦘦	
𦘧	
𦘨	
𦘮	
𦘯	
𦘱	
𦘵	
𦙃	
𦙉	
𦙍	
𦙎	
𦙏	
𦙐	
𦙑	
𦙒	
𦙓	
𦙔	
𦙕	
𦙛	
𦙝	
𦙠	
𦙣	
𦙤	
𦙥	
𦙦	
𦙪	
𦙹	
𦙻	
𦙽	
𦙾	
𦙿	
𦚀	
𦚁	
𦚂	
𦚃	
𦚄	
𦚅	
𦚆	
𦚇	
𦚌	
𦚑	
𦚔	
𦚕	
𦚖	
𦚗	
𦚙	
𦚛	
𦚝	
𦚨	
𦚪	
𦚫	
𦚬	
𦚯	
𦚰	
𦚱	
𦚲	
𦚳	
𦚴	
𦚵	
𦚶	
𦚷	
𦚽	
𦚾	
𦚿	
𦛁	
𦛂	
𦛇	
𦛈	
𦛉	
𦛊	
𦛋	
𦛌	
𦛍	
𦛎	
𦛏	
𦛐	
𦛑	
𦛚	
𦛢	
𦛥	
𦛧	
𦛨	
𦛩	
𦛪	
𦛫	
𦛬	
𦛭	
𦛮	
𦛳	
𦛴	
𦛵	
𦛺	
𦛻	
𦛼	
𦛽	
𦛾	
𦛿	
𦜀	
𦜂	
𦜄	
𦜈	
𦜉	
𦜒	
𦜔	
𦜕	
𦜙	
𦜚	
𦜛	
𦜝	
𦜞	
𦜟	
𦜠	
𦜡	
𦜢	
𦜣	
𦜤	
𦜥	
𦜦	
𦜧	
𦜨	
𦜩	
𦜫	
𦜮	
𦜯	
𦜱	
𦜷	
𦜸	
𦜹	
𦜺	
𦝁	
𦝂	
𦝃	
𦝄	
𦝅	
𦝆	
𦝇	
𦝈	
𦝉	
𦝊	
𦝋	
𦝌	
𦝍	
𦝎	
𦝓	
𦝖	
𦝘	
𦝲	
𦝴	
𦝵	
𦝹	
𦝺	
𦝻	
𦝼	
𦝽	
𦝾	
𦝿	
𦞀	
𦞃	
𦞆	
𦞋	
𦞍	
𦞎	
𦞏	
𦞐	
𦞑	
𦞒	
𦞓	
𦞔	
𦞗	
𦞩	
𦞬	
𦞳	
𦞴	
𦞵	
𦞶	
𦞷	
𦞸	
𦞹	
𦞺	
𦞻	
𦞼	
𦞿	
𦟀	
𦟅	
𦟉	
𦟊	
𦟋	
𦟌	
𦟍	
𦟎	
𦟏	
𦟐	
𦟑	
𦟒	
𦟓	
𦟕	
𦟖	
𦟗	
𦟙	
𦟢	
𦟨	
𦟩	
𦟪	
𦟫	
𦟬	
𦟭	
𦟴	
𦟵	
𦟶	
𦟷	
𦟸	
𦟹	
𦟺	
𦟻	
𦟼	
𦟽	
𦟾	
𦟿	
𦠀	
𦠂	
𦠈	
𦠔	
𦠖	
𦠘	
𦠙	
𦠚	
𦠝	
𦠟	
𦠠	
𦠧	
𦠫	
𦠮	
𦠯	
𦠰	
𦠱	
𦠲	
𦠳	
𦠴	
𦠵	
𦠶	
𦠼	
𦠽	
𦡃	
𦡅	
𦡋	
𦡌	
𦡍	
𦡎	
𦡏	
𦡐	
𦡑	
𦡒	
𦡓	
𦡔	
𦡘	
𦡞	
𦡟	
𦡠	
𦡡	
𦡢	
𦡣	
𦡤	
𦡥	
𦡦	
𦡨	
𦡭	
𦡮	
𦡯	
𦡳	
𦡻	
𦡽	
𦡾	
𦡿	
𦢀	
𦢁	
𦢂	
𦢃	
𦢅	
𦢈	
𦢉	
𦢋	
𦢐	
𦢒	
𦢓	
𦢔	
𦢕	
𦢖	
𦢗	
𦢘	
𦢜	
𦢞	
𦢟	
𦢠	
𦢡	
𦢢	
𦢣	
𦢤	
𦢫	
𦢬	
𦢭	
𦢮	
𦢱	
𦢲	
𦢳	
𦢴	
𦢵	
𦢶	
𦢷	
𦢹	
𦢺	
𦢻	
𦢼	
𦢾	
𦣅	
𦣌	
𦣎	
𦣓	
𦣔	
𦣕	
𦣗	
𦣙	
𦣚	
𦣜	
𦣡	
𦣩	
𦣪	
𦣫	
𦣬	
𦣭	
𦣰	
𦣱	
𦣲	
𦣳	
𦣵	
𦣶	
𦣷	
𦤀	
𦤁	
𦤄	
𦤅	
𦤌	
𦤍	
𦤎	
𦤏	
𦤐	
𦤑	
𦤒	
𦤓	
𦤔	
𦤖	
𦤛	
𦤠	
𦤤	
𦤥	
𦤩	
𦤭	
𦤮	
𦤯	
𦤰	
𦤱	
𦤳	
𦤷	
𦤺	
𦤾	
𦤿	
𦥀	
𦥁	
𦥂	
𦥃	
𦥄	
𦥆	
𦥇	
𦥈	
𦥌	
𦥓	
𦥕	
𦥖	
𦥗	
𦥙	
𦥚	
𦥢	
𦥥	
𦥩	
𦥫	
𦥯	
𦥱	
𦥲	
𦥴	
𦥵	
𦥸	
𦥹	
𦥺	
𦥼	
𦥽	
𦥾	
𦦀	
𦦁	
𦦂	
𦦆	
𦦊	
𦦋	
𦦍	
𦦎	
𦦒	
𦦓	
𦦖	
𦦜	
𦦝	
𦦞	
𦦟	
𦦠	
𦦡	
𦦦	
𦦧	
𦦨	
𦦩	
𦦫	
𦦬	
𦦭	
𦦮	
𦦲	
𦦳	
𦦴	
𦦵	
𦦶	
𦦷	
𦦸	
𦦹	
𦦼	
𦧀	
𦧁	
𦧃	
𦧄	
𦧅	
𦧆	
𦧐	
𦧑	
𦧔	
𦧕	
𦧜	
𦧢	
𦧣	
𦧨	
𦧲	
𦧳	
𦧷	
𦧹	
𦧺	
𦧽	
𦧾	
𦨀	
𦨁	
𦨂	
𦨃	
𦨄	
𦨅	
𦨆	
𦨊	
𦨑	
𦨞	
𦨩	
𦨪	
𦨮	
𦨯	
𦨸	
𦨺	
𦨻	
𦨼	
𦨿	
𦩀	
𦩁	
𦩂	
𦩃	
𦩇	
𦩐	
𦩑	
𦩒	
𦩓	
𦩔	
𦩚	
𦩛	
𦩩	
𦩯	
𦩰	
𦩱	
𦩳	
𦩾	
𦪁	
𦪂	
𦪃	
𦪌	
𦪍	
𦪏	
𦪐	
𦪞	
𦪤	
𦪥	
𦪦	
𦪨	
𦪪	
𦪮	
𦪯	
𦪰	
𦪱	
𦪲	
𦪴	
𦪵	
𦪹	
𦪺	
𦪻	
𦪼	
𦫁	
𦫂	
𦫄	
𦫆	
𦫌	
𦫏	
𦫐	
𦫑	
𦫘	
𦫚	
𦫞	
𦫟	
𦫠	
𦫧	
𦫨	
𦫩	
𦫲	
𦫵	
𦫷	
𦫹	
𦫽	
𦫾	
𦬈	
𦬉	
𦬊	
𦬋	
𦬌	
𦬍	
𦬎	
𦬏	
𦬐	
𦬑	
𦬝	
𦬠	
𦬣	
𦬥	
𦬧	
𦬨	
𦬩	
𦬪	
𦬫	
𦬬	
𦬭	
𦬮	
𦬯	
𦬰	
𦬱	
𦬲	
𦬳	
𦬴	
𦬶	
𦭂	
𦭄	
𦭅	
𦭆	
𦭇	
𦭊	
𦭌	
𦭍	
𦭎	
𦭏	
𦭐	
𦭑	
𦭒	
𦭓	
𦭔	
𦭕	
𦭖	
𦭗	
𦭘	
𦭙	
𦭚	
𦭛	
𦭠	
𦭢	
𦭣	
𦭤	
𦭦	
𦭧	
𦭨	
𦭩	
𦭪	
𦭫	
𦭬	
𦭯	
𦭱	
𦭺	
𦭾	
𦮁	
𦮃	
𦮄	
𦮅	
𦮆	
𦮇	
𦮈	
𦮉	
𦮊	
𦮍	
𦮏	
𦮐	
𦮑	
𦮒	
𦮓	
𦮔	
𦮕	
𦮖	
𦮗	
𦮘	
𦮙	
𦮚	
𦮛	
𦮜	
𦮝	
𦮞	
𦮟	
𦮠	
𦮡	
𦮢	
𦮣	
𦮤	
𦮥	
𦮦	
𦮧	
𦮨	
𦮩	
𦮪	
𦮫	
𦮬	
𦮭	
𦮮	
𦮱	
𦮲	
𦮳	
𦮴	
𦮵	
𦮹	
𦮾	
𦯂	
𦯇	
𦯈	
𦯏	
𦯐	
𦯗	
𦯘	
𦯙	
𦯛	
𦯜	
𦯞	
𦯟	
𦯠	
𦯢	
𦯣	
𦯤	
𦯥	
𦯧	
𦯨	
𦯩	
𦯫	
𦯭	
𦯮	
𦯯	
𦯰	
𦯱	
𦯶	
𦯷	
𦯸	
𦯹	
𦯺	
𦯻	
𦯼	
𦯽	
𦯾	
𦯿	
𦰀	
𦰁	
𦰂	
𦰃	
𦰄	
𦰅	
𦰆	
𦰇	
𦰈	
𦰉	
𦰊	
𦰋	
𦰌	
𦰍	
𦰎	
𦰏	
𦰐	
𦰑	
𦰒	
𦰓	
𦰔	
𦰕	
𦰖	
𦰗	
𦰞	
𦰟	
𦰠	
𦰡	
𦰢	
𦰣	
𦰤	
𦰥	
𦰦	
𦰧	
𦰨	
𦰩	
𦰮	
𦰵	
𦰸	
𦰾	
𦱈	
𦱉	
𦱏	
𦱐	
𦱔	
𦱗	
𦱙	
𦱚	
𦱜	
𦱞	
𦱢	
𦱥	
𦱦	
𦱨	
𦱩	
𦱪	
𦱫	
𦱬	
𦱯	
𦱰	
𦱱	
𦱲	
𦱳	
𦱴	
𦱵	
𦱺	
𦱼	
𦱽	
𦱾	
𦱿	
𦲀	
𦲁	
𦲂	
𦲃	
𦲄	
𦲅	
𦲆	
𦲇	
𦲈	
𦲉	
𦲊	
𦲋	
𦲌	
𦲍	
𦲎	
𦲏	
𦲐	
𦲑	
𦲒	
𦲓	
𦲔	
𦲕	
𦲖	
𦲗	
𦲘	
𦲙	
𦲚	
𦲛	
𦲜	
𦲝	
𦲞	
𦲟	
𦲠	
𦲡	
𦲢	
𦲣	
𦲤	
𦲥	
𦲦	
𦲧	
𦲨	
𦲩	
𦲪	
𦲭	
𦲮	
𦲯	
𦲰	
𦲳	
𦲴	
𦲷	
𦲸	
𦲹	
𦲺	
𦲻	
𦲼	
𦲽	
𦲾	
𦲿	
𦳀	
𦳅	
𦳊	
𦳎	
𦳓	
𦳖	
𦳟	
𦳡	
𦳨	
𦳫	
𦳬	
𦳭	
𦳯	
𦳰	
𦳸	
𦳹	
𦳺	
𦳻	
𦳽	
𦳾	
𦳿	
𦴀	
𦴁	
𦴂	
𦴃	
𦴄	
𦴅	
𦴇	
𦴉	
𦴌	
𦴍	
𦴎	
𦴏	
𦴐	
𦴓	
𦴕	
𦴗	
𦴘	
𦴙	
𦴜	
𦴝	
𦴞	
𦴟	
𦴠	
𦴡	
𦴢	
𦴣	
𦴤	
𦴥	
𦴦	
𦴧	
𦴨	
𦴩	
𦴪	
𦴫	
𦴬	
𦴭	
𦴮	
𦴯	
𦴰	
𦴱	
𦴲	
𦴳	
𦴴	
𦴵	
𦴶	
𦴷	
𦴸	
𦴹	
𦴺	
𦴻	
𦴼	
𦴽	
𦴾	
𦴿	
𦵀	
𦵁	
𦵂	
𦵃	
𦵄	
𦵅	
𦵆	
𦵇	
𦵈	
𦵉	
𦵊	
𦵋	
𦵌	
𦵍	
𦵎	
𦵏	
𦵐	
𦵑	
𦵔	
𦵖	
𦵗	
𦵘	
𦵙	
𦵚	
𦵛	
𦵜	
𦵝	
𦵞	
𦵠	
𦵤	
𦵥	
𦵨	
𦵪	
𦵰	
𦵲	
𦵳	
𦵵	
𦶁	
𦶃	
𦶈	
𦶍	
𦶎	
𦶏	
𦶒	
𦶔	
𦶖	
𦶗	
𦶘	
𦶜	
𦶝	
𦶞	
𦶟	
𦶠	
𦶡	
𦶢	
𦶣	
𦶤	
𦶥	
𦶦	
𦶧	
𦶨	
𦶩	
𦶪	
𦶫	
𦶬	
𦶭	
𦶮	
𦶯	
𦶰	
𦶱	
𦶲	
𦶳	
𦶴	
𦶵	
𦶶	
𦶷	
𦶸	
𦶹	
𦶺	
𦶻	
𦶼	
𦶽	
𦶾	
𦶿	
𦷀	
𦷁	
𦷂	
𦷃	
𦷄	
𦷅	
𦷆	
𦷇	
𦷈	
𦷉	
𦷊	
𦷋	
𦷌	
𦷍	
𦷎	
𦷏	
𦷐	
𦷑	
𦷒	
𦷓	
𦷔	
𦷗	
𦷘	
𦷙	
𦷚	
𦷜	
𦷝	
𦷞	
𦷠	
𦷢	
𦷣	
𦷦	
𦷧	
𦷨	
𦷩	
𦷪	
𦷫	
𦷬	
𦷭	
𦷮	
𦷯	
𦷰	
𦷲	
𦷳	
𦷵	
𦷹	
𦷻	
𦷼	
𦷾	
𦸅	
𦸆	
𦸈	
𦸉	
𦸋	
𦸖	
𦸜	
𦸟	
𦸠	
𦸥	
𦸦	
𦸧	
𦸨	
𦸩	
𦸪	
𦸬	
𦸮	
𦸳	
𦸵	
𦸷	
𦸸	
𦸹	
𦸻	
𦸼	
𦸽	
𦸾	
𦸿	
𦹀	
𦹂	
𦹃	
𦹄	
𦹅	
𦹆	
𦹇	
𦹈	
𦹉	
𦹊	
𦹋	
𦹌	
𦹍	
𦹎	
𦹏	
𦹐	
𦹑	
𦹒	
𦹓	
𦹔	
𦹕	
𦹖	
𦹗	
𦹘	
𦹙	
𦹚	
𦹛	
𦹜	
𦹝	
𦹞	
𦹟	
𦹠	
𦹢	
𦹣	
𦹥	
𦹦	
𦹨	
𦹫	
𦹬	
𦹭	
𦹮	
𦹯	
𦹰	
𦹱	
𦹲	
𦹳	
𦹴	
𦹵	
𦹶	
𦹷	
𦹸	
𦹹	
𦹺	
𦹻	
𦹼	
𦹽	
𦹿	
𦺀	
𦺁	
𦺂	
𦺄	
𦺅	
𦺇	
𦺋	
𦺌	
𦺎	
𦺑	
𦺩	
𦺭	
𦺮	
𦺯	
𦺼	
𦻂	
𦻃	
𦻄	
𦻅	
𦻈	
𦻉	
𦻋	
𦻍	
𦻎	
𦻏	
𦻐	
𦻑	
𦻒	
𦻓	
𦻔	
𦻕	
𦻖	
𦻗	
𦻘	
𦻙	
𦻚	
𦻛	
𦻜	
𦻝	
𦻞	
𦻟	
𦻠	
𦻡	
𦻢	
𦻣	
𦻤	
𦻥	
𦻦	
𦻧	
𦻨	
𦻩	
𦻪	
𦻫	
𦻬	
𦻭	
𦻮	
𦻯	
𦻰	
𦻱	
𦻲	
𦻳	
𦻴	
𦻵	
𦻶	
𦻷	
𦻸	
𦻹	
𦻺	
𦻻	
𦻼	
𦻽	
𦻾	
𦻿	
𦼀	
𦼁	
𦼂	
𦼃	
𦼄	
𦼅	
𦼆	
𦼋	
𦼎	
𦼑	
𦼖	
𦼘	
𦼚	
𦼛	
𦼜	
𦼝	
𦼞	
𦼟	
𦼠	
𦼡	
𦼢	
𦼣	
𦼤	
𦼥	
𦼦	
𦼨	
𦼶	
𦼼	
𦼽	
𦽀	
𦽃	
𦽌	
𦽍	
𦽕	
𦽖	
𦽗	
𦽘	
𦽙	
𦽚	
𦽛	
𦽜	
𦽝	
𦽞	
𦽠	
𦽡	
𦽢	
𦽣	
𦽥	
𦽧	
𦽪	
𦽬	
𦽰	
𦽱	
𦽲	
𦽳	
𦽴	
𦽵	
𦽶	
𦽷	
𦽸	
𦽹	
𦽺	
𦽻	
𦽼	
𦽽	
𦽾	
𦽿	
𦾀	
𦾁	
𦾂	
𦾃	
𦾄	
𦾅	
𦾆	
𦾇	
𦾈	
𦾉	
𦾊	
𦾋	
𦾌	
𦾍	
𦾎	
𦾒	
𦾔	
𦾖	
𦾗	
𦾘	
𦾙	
𦾟	
𦾠	
𦾡	
𦾢	
𦾣	
𦾤	
𦾥	
𦾦	
𦾧	
𦾩	
𦾪	
𦾰	
𦾲	
𦾴	
𦿀	
𦿃	
𦿅	
𦿇	
𦿎	
𦿙	
𦿚	
𦿛	
𦿜	
𦿝	
𦿞	
𦿟	
𦿠	
𦿡	
𦿢	
𦿣	
𦿤	
𦿥	
𦿦	
𦿧	
𦿨	
𦿩	
𦿪	
𦿫	
𦿬	
𦿭	
𦿮	
𦿯	
𦿰	
𦿱	
𦿲	
𦿳	
𦿴	
𦿵	
𦿶	
𦿷	
𦿸	
𦿹	
𦿺	
𦿻	
𦿼	
𦿽	
𦿾	
𦿿	
𧀀	
𧀁	
𧀂	
𧀃	
𧀅	
𧀇	
𧀈	
𧀉	
𧀋	
𧀍	
𧀎	
𧀏	
𧀐	
𧀑	
𧀒	
𧀓	
𧀔	
𧀕	
𧀖	
𧀗	
𧀘	
𧀙	
𧀚	
𧀜	
𧀞	
𧀟	
𧀳	
𧀷	
𧀸	
𧀾	
𧁀	
𧁁	
𧁃	
𧁄	
𧁆	
𧁇	
𧁉	
𧁊	
𧁋	
𧁍	
𧁎	
𧁏	
𧁐	
𧁑	
𧁒	
𧁓	
𧁔	
𧁕	
𧁖	
𧁗	
𧁘	
𧁙	
𧁚	
𧁛	
𧁜	
𧁝	
𧁞	
𧁟	
𧁠	
𧁡	
𧁢	
𧁣	
𧁤	
𧁥	
𧁦	
𧁧	
𧁨	
𧁩	
𧁪	
𧁫	
𧁬	
𧁭	
𧁮	
𧁯	
𧁰	
𧁴	
𧁵	
𧁶	
𧁷	
𧁸	
𧁹	
𧁺	
𧁻	
𧁾	
𧂆	
𧂓	
𧂖	
𧂘	
𧂚	
𧂞	
𧂢	
𧂤	
𧂦	
𧂧	
𧂩	
𧂪	
𧂬	
𧂭	
𧂮	
𧂯	
𧂰	
𧂱	
𧂲	
𧂳	
𧂴	
𧂵	
𧂶	
𧂷	
𧂸	
𧂹	
𧂺	
𧂻	
𧂼	
𧂽	
𧂾	
𧂿	
𧃀	
𧃁	
𧃂	
𧃃	
𧃄	
𧃅	
𧃆	
𧃇	
𧃈	
𧃉	
𧃋	
𧃌	
𧃍	
𧃎	
𧃓	
𧃗	
𧃘	
𧃚	
𧃜	
𧃠	
𧃡	
𧃢	
𧃥	
𧃦	
𧃧	
𧃩	
𧃪	
𧃫	
𧃬	
𧃭	
𧃰	
𧃱	
𧃲	
𧃳	
𧃴	
𧃵	
𧃶	
𧃷	
𧃸	
𧃹	
𧃺	
𧃻	
𧃼	
𧃽	
𧃾	
𧃿	
𧄀	
𧄁	
𧄂	
𧄃	
𧄄	
𧄅	
𧄆	
𧄇	
𧄈	
𧄉	
𧄊	
𧄋	
𧄌	
𧄗	
𧄘	
𧄙	
𧄟	
𧄡	
𧄢	
𧄥	
𧄦	
𧄧	
𧄨	
𧄩	
𧄪	
𧄫	
𧄬	
𧄭	
𧄮	
𧄱	
𧄲	
𧄳	
𧄴	
𧄵	
𧅅	
𧅈	
𧅉	
𧅊	
𧅋	
𧅍	
𧅎	
𧅏	
𧅐	
𧅑	
𧅒	
𧅔	
𧅕	
𧅖	
𧅟	
𧅠	
𧅡	
𧅢	
𧅤	
𧅥	
𧅦	
𧅧	
𧅨	
𧅩	
𧅫	
𧅬	
𧅭	
𧅯	
𧅱	
𧅲	
𧅴	
𧅵	
𧅶	
𧅷	
𧅹	
𧅻	
𧅽	
𧅾	
𧅿	
𧆀	
𧆁	
𧆂	
𧆃	
𧆄	
𧆅	
𧆉	
𧆋	
𧆌	
𧆍	
𧆎	
𧆒	
𧆔	
𧆕	
𧆖	
𧆗	
𧆘	
𧆙	
𧆚	
𧆛	
𧆝	
𧆟	
𧆧	
𧆩	
𧆪	
𧆲	
𧆳	
𧆴	
𧆵	
𧆶	
𧇀	
𧇂	
𧇅	
𧇆	
𧇈	
𧇉	
𧇊	
𧇋	
𧇏	
𧇕	
𧇖	
𧇗	
𧇢	
𧇨	
𧇩	
𧇪	
𧇫	
𧇬	
𧇲	
𧇳	
𧇴	
𧇵	
𧈀	
𧈁	
𧈂	
𧈃	
𧈋	
𧈌	
𧈎	
𧈏	
𧈒	
𧈓	
𧈘	
𧈚	
𧈛	
𧈡	
𧈢	
𧈣	
𧈤	
𧈥	
𧈱	
𧈲	
𧈳	
𧈴	
𧈵	
𧈶	
𧈷	
𧈸	
𧉆	
𧉋	
𧉒	
𧉓	
𧉔	
𧉕	
𧉖	
𧉙	
𧉚	
𧉝	
𧉨	
𧉲	
𧉸	
𧉹	
𧉺	
𧉻	
𧉼	
𧉽	
𧉾	
𧉿	
𧊀	
𧊁	
𧊂	
𧊃	
𧊉	
𧊊	
𧊋	
𧊌	
𧊎	
𧊑	
𧊝	
𧊢	
𧊫	
𧊮	
𧊳	
𧊴	
𧊵	
𧊶	
𧊷	
𧊸	
𧊹	
𧊺	
𧊻	
𧊼	
𧋀	
𧋁	
𧋂	
𧋃	
𧋄	
𧋅	
𧋆	
𧋇	
𧋗	
𧋚	
𧋝	
𧋞	
𧋡	
𧋢	
𧋣	
𧋤	
𧋥	
𧋦	
𧋧	
𧋨	
𧋩	
𧋪	
𧋫	
𧋬	
𧋭	
𧋮	
𧋰	
𧋲	
𧋵	
𧋶	
𧋷	
𧋸	
𧋹	
𧋺	
𧋻	
𧋼	
𧋽	
𧋾	
𧋿	
𧌀	
𧌂	
𧌌	
𧌕	
𧌟	
𧌢	
𧌤	
𧌧	
𧌭	
𧌮	
𧌯	
𧌰	
𧌱	
𧌲	
𧌳	
𧌴	
𧌵	
𧌶	
𧌷	
𧌸	
𧌹	
𧌺	
𧍂	
𧍅	
𧍆	
𧍇	
𧍈	
𧍉	
𧍊	
𧍋	
𧍌	
𧍍	
𧍎	
𧍏	
𧍐	
𧍑	
𧍚	
𧍨	
𧍩	
𧍹	
𧍼	
𧍽	
𧍾	
𧎀	
𧎃	
𧎅	
𧎆	
𧎇	
𧎈	
𧎉	
𧎊	
𧎋	
𧎌	
𧎍	
𧎎	
𧎏	
𧎐	
𧎑	
𧎒	
𧎓	
𧎖	
𧎚	
𧎛	
𧎜	
𧎝	
𧎟	
𧎠	
𧎧	
𧎴	
𧏁	
𧏂	
𧏃	
𧏅	
𧏆	
𧏇	
𧏈	
𧏉	
𧏊	
𧏌	
𧏏	
𧏓	
𧏔	
𧏕	
𧏖	
𧏗	
𧏘	
𧏙	
𧏚	
𧏛	
𧏜	
𧏝	
𧏞	
𧏟	
𧏠	
𧏡	
𧏢	
𧏣	
𧏥	
𧏦	
𧏩	
𧏪	
𧏭	
𧏮	
𧏯	
𧏰	
𧏱	
𧏲	
𧏳	
𧏴	
𧏵	
𧏶	
𧏷	
𧐀	
𧐂	
𧐃	
𧐉	
𧐚	
𧐟	
𧐠	
𧐡	
𧐢	
𧐣	
𧐤	
𧐥	
𧐦	
𧐧	
𧐨	
𧐩	
𧐪	
𧐫	
𧐬	
𧐰	
𧐲	
𧐷	
𧐸	
𧐹	
𧐺	
𧐻	
𧐼	
𧐽	
𧐾	
𧐿	
𧑁	
𧑂	
𧑃	
𧑄	
𧑛	
𧑞	
𧑠	
𧑢	
𧑥	
𧑦	
𧑧	
𧑨	
𧑩	
𧑬	
𧑭	
𧑰	
𧑲	
𧑳	
𧑵	
𧑶	
𧑷	
𧑸	
𧑹	
𧑺	
𧑻	
𧑼	
𧑽	
𧑾	
𧑿	
𧒄	
𧒅	
𧒆	
𧒇	
𧒉	
𧒊	
𧒋	
𧒌	
𧒍	
𧒐	
𧒙	
𧒝	
𧒞	
𧒠	
𧒡	
𧒤	
𧒥	
𧒦	
𧒧	
𧒨	
𧒫	
𧒬	
𧒭	
𧒮	
𧒯	
𧒰	
𧒱	
𧒲	
𧒳	
𧒴	
𧒵	
𧒶	
𧒷	
𧒸	
𧒹	
𧒺	
𧒻	
𧓀	
𧓅	
𧓆	
𧓇	
𧓈	
𧓋	
𧓚	
𧓛	
𧓝	
𧓟	
𧓠	
𧓡	
𧓢	
𧓣	
𧓤	
𧓥	
𧓦	
𧓧	
𧓨	
𧓩	
𧓭	
𧓮	
𧓯	
𧓰	
𧓾	
𧔀	
𧔁	
𧔂	
𧔇	
𧔈	
𧔉	
𧔊	
𧔋	
𧔌	
𧔍	
𧔎	
𧔏	
𧔐	
𧔑	
𧔒	
𧔓	
𧔔	
𧔕	
𧔙	
𧔚	
𧔛	
𧔜	
𧔠	
𧔩	
𧔯	
𧔰	
𧔱	
𧔵	
𧔶	
𧔸	
𧔹	
𧔺	
𧔾	
𧔿	
𧕀	
𧕁	
𧕂	
𧕏	
𧕓	
𧕔	
𧕕	
𧕖	
𧕗	
𧕘	
𧕚	
𧕜	
𧕣	
𧕧	
𧕪	
𧕬	
𧕭	
𧕺	
𧕻	
𧖁	
𧖃	
𧖉	
𧖍	
𧖎	
𧖏	
𧖐	
𧖗	
𧖝	
𧖟	
𧖠	
𧖡	
𧖥	
𧖦	
𧖬	
𧖰	
𧖱	
𧖲	
𧗃	
𧗅	
𧗆	
𧗊	
𧗍	
𧗑	
𧗓	
𧗘	
𧗙	
𧗚	
𧗠	
𧗡	
𧗤	
𧗥	
𧗬	
𧗭	
𧗮	
𧗯	
𧗲	
𧗵	
𧗷	
𧗻	
𧗼	
𧗽	
𧗾	
𧘁	
𧘄	
𧘆	
𧘌	
𧘔	
𧘕	
𧘖	
𧘛	
𧘧	
𧘫	
𧘬	
𧘱	
𧘲	
𧘳	
𧘴	
𧘵	
𧘷	
𧘸	
𧘹	
𧘺	
𧘻	
𧘼	
𧘾	
𧙒	
𧙓	
𧙔	
𧙕	
𧙖	
𧙗	
𧙘	
𧙙	
𧙚	
𧙦	
𧙬	
𧙮	
𧙯	
𧙰	
𧙱	
𧙲	
𧙳	
𧙵	
𧙻	
𧙼	
𧙽	
𧙿	
𧚎	
𧚑	
𧚓	
𧚔	
𧚕	
𧚖	
𧚗	
𧚘	
𧚙	
𧚚	
𧚛	
𧚟	
𧚠	
𧚡	
𧚢	
𧚣	
𧚦	
𧚱	
𧚶	
𧚷	
𧚸	
𧚼	
𧚽	
𧚾	
𧚿	
𧛀	
𧛄	
𧛅	
𧛆	
𧛇	
𧛈	
𧛉	
𧛊	
𧛋	
𧛌	
𧛍	
𧛎	
𧛒	
𧛓	
𧛙	
𧛛	
𧛠	
𧛥	
𧛬	
𧛭	
𧛮	
𧛯	
𧛰	
𧛱	
𧛲	
𧛳	
𧛵	
𧛶	
𧛷	
𧜋	
𧜍	
𧜎	
𧜏	
𧜐	
𧜑	
𧜒	
𧜖	
𧜗	
𧜘	
𧜙	
𧜛	
𧜜	
𧜩	
𧜬	
𧜲	
𧜴	
𧜵	
𧜶	
𧜷	
𧜸	
𧜹	
𧜺	
𧜻	
𧜾	
𧜿	
𧝀	
𧝁	
𧝄	
𧝌	
𧝘	
𧝙	
𧝚	
𧝝	
𧝞	
𧝟	
𧝠	
𧝡	
𧝢	
𧝦	
𧝧	
𧝨	
𧝩	
𧝫	
𧝭	
𧝮	
𧝰	
𧝻	
𧞀	
𧞂	
𧞃	
𧞄	
𧞅	
𧞆	
𧞇	
𧞈	
𧞊	
𧞋	
𧞌	
𧞑	
𧞘	
𧞚	
𧞜	
𧞝	
𧞟	
𧞠	
𧞡	
𧞤	
𧞥	
𧞦	
𧞰	
𧞱	
𧞲	
𧞳	
𧞴	
𧞵	
𧞾	
𧞿	
𧟀	
𧟁	
𧟅	
𧟆	
𧟇	
𧟉	
𧟐	
𧟒	
𧟓	
𧟖	
𧟗	
𧟚	
𧟛	
𧟝	
𧟞	
𧟡	
𧟥	
𧟦	
𧟫	
𧟭	
𧟮	
𧟲	
𧟵	
𧟶	
𧟷	
𧟸	
𧟹	
𧟺	
𧟻	
𧟾	
𧟿	
𧠀	
𧠁	
𧠂	
𧠃	
𧠄	
𧠅	
𧠇	
𧠌	
𧠍	
𧠔	
𧠕	
𧠖	
𧠗	
𧠤	
𧠥	
𧠬	
𧠰	
𧠱	
𧠲	
𧠳	
𧠸	
𧡁	
𧡂	
𧡃	
𧡄	
𧡅	
𧡉	
𧡊	
𧡔	
𧡕	
𧡖	
𧡗	
𧡠	
𧡦	
𧡧	
𧡭	
𧡰	
𧡱	
𧡲	
𧡳	
𧡻	
𧡼	
𧡽	
𧡿	
𧢀	
𧢁	
𧢇	
𧢈	
𧢉	
𧢊	
𧢏	
𧢑	
𧢕	
𧢖	
𧢗	
𧢘	
𧢙	
𧢟	
𧢠	
𧢡	
𧢣	
𧢤	
𧢪	
𧢯	
𧢰	
𧣅	
𧣆	
𧣇	
𧣘	
𧣝	
𧣞	
𧣠	
𧣧	
𧣰	
𧣲	
𧣳	
𧣿	
𧤁	
𧤂	
𧤄	
𧤇	
𧤉	
𧤊	
𧤑	
𧤓	
𧤤	
𧤥	
𧤧	
𧤪	
𧤫	
𧤬	
𧤭	
𧤲	
𧤶	
𧤷	
𧤸	
𧤹	
𧤿	
𧥀	
𧥂	
𧥃	
𧥅	
𧥆	
𧥇	
𧥊	
𧥎	
𧥏	
𧥐	
𧥔	
𧥕	
𧥘	
𧥙	
𧥚	
𧥛	
𧥜	
𧥧	
𧥨	
𧥭	
𧥷	
𧥽	
𧦃	
𧦄	
𧦅	
𧦆	
𧦇	
𧦈	
𧦉	
𧦊	
𧦋	
𧦌	
𧦍	
𧦎	
𧦏	
𧦒	
𧦔	
𧦕	
𧦖	
𧦘	
𧦙	
𧦛	
𧦠	
𧦣	
𧦬	
𧦮	
𧦯	
𧦰	
𧦱	
𧦲	
𧦳	
𧦴	
𧦵	
𧦶	
𧦷	
𧦸	
𧦻	
𧦿	
𧧀	
𧧊	
𧧚	
𧧞	
𧧢	
𧧣	
𧧤	
𧧥	
𧧦	
𧧨	
𧧮	
𧧯	
𧧲	
𧧴	
𧧼	
𧧿	
𧨄	
𧨅	
𧨉	
𧨋	
𧨌	
𧨍	
𧨎	
𧨏	
𧨐	
𧨑	
𧨒	
𧨓	
𧨔	
𧨕	
𧨖	
𧨞	
𧨠	
𧨤	
𧨥	
𧨦	
𧨧	
𧨨	
𧨪	
𧨯	
𧨺	
𧨿	
𧩃	
𧩄	
𧩅	
𧩆	
𧩇	
𧩉	
𧩊	
𧩋	
𧩌	
𧩍	
𧩎	
𧩏	
𧩐	
𧩑	
𧩒	
𧩔	
𧩗	
𧩙	
𧩚	
𧩛	
𧩠	
𧩥	
𧩭	
𧩰	
𧩴	
𧩽	
𧪃	
𧪈	
𧪉	
𧪊	
𧪋	
𧪌	
𧪍	
𧪎	
𧪏	
𧪐	
𧪑	
𧪒	
𧪔	
𧪖	
𧪗	
𧪙	
𧪤	
𧪥	
𧪴	
𧪷	
𧪸	
𧪺	
𧪻	
𧪼	
𧪽	
𧪾	
𧪿	
𧫀	
𧫁	
𧫂	
𧫃	
𧫄	
𧫅	
𧫆	
𧫇	
𧫈	
𧫌	
𧫎	
𧫐	
𧫒	
𧫟	
𧫠	
𧫨	
𧫪	
𧫬	
𧫭	
𧫯	
𧫲	
𧫳	
𧫴	
𧫵	
𧫶	
𧫸	
𧫺	
𧫼	
𧫽	
𧬉	
𧬑	
𧬔	
𧬖	
𧬗	
𧬘	
𧬙	
𧬚	
𧬛	
𧬝	
𧬟	
𧬥	
𧬯	
𧬶	
𧬷	
𧬸	
𧬹	
𧬺	
𧬻	
𧬼	
𧬽	
𧬾	
𧬿	
𧭀	
𧭁	
𧭇	
𧭋	
𧭑	
𧭔	
𧭕	
𧭖	
𧭗	
𧭘	
𧭙	
𧭦	
𧭨	
𧭩	
𧭪	
𧭫	
𧭬	
𧭮	
𧭯	
𧭰	
𧭱	
𧭲	
𧭽	
𧭿	
𧮀	
𧮁	
𧮂	
𧮃	
𧮉	
𧮋	
𧮌	
𧮏	
𧮕	
𧮖	
𧮗	
𧮜	
𧮠	
𧮥	
𧮧	
𧮨	
𧮪	
𧮲	
𧮷	
𧮸	
𧮼	
𧮾	
𧯄	
𧯅	
𧯇	
𧯋	
𧯐	
𧯑	
𧯔	
𧯕	
𧯖	
𧯗	
𧯟	
𧯣	
𧯦	
𧯧	
𧯭	
𧯴	
𧯵	
𧯶	
𧯷	
𧰀	
𧰌	
𧰍	
𧰏	
𧰓	
𧰔	
𧰕	
𧰖	
𧰗	
𧰚	
𧰛	
𧰜	
𧰝	
𧰞	
𧰤	
𧰦	
𧰳	
𧰺	
𧰾	
𧱆	
𧱈	
𧱊	
𧱔	
𧱖	
𧱞	
𧱠	
𧱢	
𧱣	
𧱤	
𧱥	
𧱫	
𧱮	
𧱯	
𧱳	
𧱷	
𧱸	
𧱺	
𧲁	
𧲊	
𧲒	
𧲓	
𧲕	
𧲖	
𧲗	
𧲞	
𧲠	
𧲣	
𧲫	
𧲳	
𧲶	
𧲸	
𧲹	
𧲼	
𧲽	
𧳀	
𧳈	
𧳓	
𧳔	
𧳗	
𧳘	
𧳢	
𧳰	
𧳱	
𧳲	
𧳴	
𧳺	
𧳻	
𧳼	
𧳽	
𧳾	
𧴀	
𧴇	
𧴈	
𧴉	
𧴋	
𧴑	
𧴒	
𧴛	
𧴜	
𧴞	
𧴢	
𧴧	
𧴨	
𧴮	
𧴯	
𧴰	
𧴱	
𧴵	
𧴶	
𧴷	
𧴺	
𧴻	
𧴼	
𧴽	
𧴾	
𧴿	
𧵀	
𧵁	
𧵂	
𧵆	
𧵐	
𧵒	
𧵓	
𧵔	
𧵕	
𧵖	
𧵗	
𧵘	
𧵙	
𧵚	
𧵞	
𧵟	
𧵪	
𧵯	
𧵳	
𧵴	
𧵵	
𧵶	
𧵷	
𧵸	
𧵹	
𧵺	
𧵾	
𧶁	
𧶃	
𧶏	
𧶐	
𧶑	
𧶒	
𧶓	
𧶘	
𧶚	
𧶢	
𧶣	
𧶥	
𧶦	
𧶧	
𧶨	
𧶩	
𧶫	
𧶬	
𧶭	
𧶮	
𧶯	
𧶰	
𧶼	
𧶽	
𧶾	
𧶿	
𧷀	
𧷁	
𧷂	
𧷃	
𧷄	
𧷅	
𧷈	
𧷉	
𧷌	
𧷏	
𧷕	
𧷘	
𧷙	
𧷚	
𧷜	
𧷝	
𧷢	
𧷤	
𧷥	
𧷧	
𧷨	
𧷪	
𧷫	
𧷬	
𧷭	
𧷮	
𧷯	
𧷰	
𧷱	
𧷲	
𧷴	
𧷵	
𧷶	
𧷸	
𧷹	
𧷺	
𧷻	
𧷽	
𧸅	
𧸌	
𧸍	
𧸎	
𧸏	
𧸒	
𧸓	
𧸕	
𧸛	
𧸜	
𧸝	
𧸞	
𧸟	
𧸠	
𧸡	
𧸢	
𧸣	
𧸤	
𧸥	
𧸨	
𧸩	
𧸪	
𧸬	
𧸭	
𧸮	
𧸰	
𧸳	
𧸴	
𧸵	
𧸶	
𧸸	
𧸺	
𧸻	
𧸼	
𧸾	
𧹁	
𧹂	
𧹃	
𧹄	
𧹅	
𧹇	
𧹉	
𧹋	
𧹍	
𧹏	
𧹑	
𧹓	
𧹕	
𧹖	
𧹗	
𧹜	
𧹟	
𧹠	
𧹡	
𧹤	
𧹥	
𧹦	
𧹧	
𧹪	
𧹫	
𧹮	
𧹰	
𧹱	
𧺄	
𧺅	
𧺊	
𧺐	
𧺖	
𧺞	
𧺬	
𧺭	
𧺯	
𧺵	
𧻂	
𧻄	
𧻅	
𧻆	
𧻇	
𧻈	
𧻉	
𧻊	
𧻌	
𧻐	
𧻘	
𧻝	
𧻞	
𧻟	
𧻠	
𧻡	
𧻢	
𧻣	
𧻤	
𧻥	
𧻦	
𧻩	
𧻬	
𧻭	
𧻮	
𧻽	
𧻾	
𧼀	
𧼁	
𧼂	
𧼃	
𧼄	
𧼅	
𧼆	
𧼇	
𧼉	
𧼋	
𧼌	
𧼍	
𧼜	
𧼞	
𧼢	
𧼣	
𧼥	
𧼦	
𧼧	
𧼷	
𧼸	
𧼹	
𧼺	
𧼻	
𧼼	
𧼽	
𧼾	
𧼿	
𧽄	
𧽇	
𧽈	
𧽔	
𧽘	
𧽫	
𧽭	
𧽰	
𧽱	
𧽳	
𧽴	
𧽹	
𧾁	
𧾅	
𧾆	
𧾇	
𧾈	
𧾉	
𧾓	
𧾖	
𧾞	
𧾟	
𧾠	
𧾫	
𧾬	
𧾭	
𧾶	
𧾼	
𧾿	
𧿇	
𧿈	
𧿊	
𧿋	
𧿎	
𧿏	
𧿐	
𧿑	
𧿗	
𧿡	
𧿢	
𧿦	
𧿪	
𧿬	
𧿭	
𧿱	
𨀁	
𨀂	
𨀃	
𨀇	
𨀈	
𨀉	
𨀊	
𨀋	
𨀌	
𨀍	
𨀎	
𨀏	
𨀐	
𨀑	
𨀒	
𨀓	
𨀡	
𨀫	
𨀭	
𨀰	
𨀱	
𨀹	
𨀺	
𨀻	
𨀼	
𨀽	
𨀾	
𨀿	
𨁓	
𨁗	
𨁘	
𨁙	
𨁠	
𨁣	
𨁧	
𨁭	
𨁰	
𨁱	
𨁲	
𨁳	
𨁴	
𨁻	
𨂇	
𨂈	
𨂉	
𨂊	
𨂋	
𨂌	
𨂍	
𨂎	
𨂑	
𨂓	
𨂔	
𨂕	
𨂖	
𨂗	
𨂘	
𨂙	
𨂚	
𨂟	
𨂭	
𨂮	
𨂹	
𨂺	
𨂻	
𨂼	
𨂽	
𨂾	
𨂿	
𨃀	
𨃁	
𨃈	
𨃉	
𨃊	
𨃋	
𨃌	
𨃍	
𨃎	
𨃏	
𨃐	
𨃑	
𨃒	
𨃗	
𨃛	
𨃩	
𨃪	
𨃫	
𨃬	
𨃮	
𨃴	
𨃵	
𨃶	
𨃷	
𨃸	
𨃹	
𨃺	
𨃻	
𨃼	
𨃽	
𨃾	
𨄀	
𨄁	
𨄂	
𨄄	
𨄘	
𨄛	
𨄜	
𨄞	
𨄟	
𨄠	
𨄡	
𨄢	
𨄣	
𨄤	
𨄥	
𨄦	
𨄫	
𨄳	
𨄴	
𨄵	
𨄶	
𨄷	
𨄸	
𨄹	
𨄺	
𨄻	
𨄼	
𨄽	
𨄾	
𨄿	
𨅀	
𨅁	
𨅂	
𨅃	
𨅄	
𨅅	
𨅆	
𨅇	
𨅈	
𨅉	
𨅟	
𨅢	
𨅣	
𨅤	
𨅧	
𨅪	
𨅫	
𨅬	
𨅭	
𨅮	
𨅯	
𨅰	
𨅳	
𨅵	
𨅷	
𨅸	
𨅹	
𨅺	
𨅻	
𨅼	
𨅽	
𨅾	
𨅿	
𨆀	
𨆂	
𨆐	
𨆑	
𨆒	
𨆓	
𨆔	
𨆕	
𨆖	
𨆗	
𨆘	
𨆚	
𨆝	
𨆞	
𨆟	
𨆠	
𨆡	
𨆢	
𨆣	
𨆤	
𨆥	
𨆨	
𨆩	
𨆭	
𨆱	
𨆶	
𨆷	
𨆸	
𨆹	
𨆺	
𨆻	
𨆼	
𨆽	
𨆿	
𨇀	
𨇇	
𨇈	
𨇉	
𨇊	
𨇋	
𨇌	
𨇎	
𨇐	
𨇑	
𨇒	
𨇓	
𨇔	
𨇕	
𨇛	
𨇜	
𨇞	
𨇠	
𨇢	
𨇣	
𨇧	
𨇪	
𨇫	
𨇬	
𨇭	
𨇲	
𨇵	
𨇶	
𨇷	
𨇸	
𨇹	
𨇺	
𨇾	
𨈁	
𨈂	
𨈄	
𨈇	
𨈉	
𨈍	
𨈒	
𨈣	
𨈤	
𨈨	
𨈯	
𨈰	
𨈱	
𨈲	
𨈴	
𨈸	
𨈼	
𨈽	
𨈾	
𨈿	
𨉂	
𨉄	
𨉅	
𨉇	
𨉊	
𨉎	
𨉏	
𨉐	
𨉑	
𨉓	
𨉗	
𨉘	
𨉙	
𨉛	
𨉞	
𨉟	
𨉠	
𨉧	
𨉨	
𨉫	
𨉯	
𨉲	
𨉳	
𨉻	
𨉼	
𨉽	
𨉾	
𨊀	
𨊂	
𨊃	
𨊄	
𨊊	
𨊋	
𨊌	
𨊎	
𨊗	
𨊜	
𨊬	
𨋑	
𨋛	
𨋳	
𨋵	
𨋶	
𨋼	
𨋿	
𨌀	
𨌂	
𨌊	
𨌕	
𨌖	
𨌙	
𨌚	
𨌛	
𨌜	
𨌝	
𨌤	
𨌦	
𨌰	
𨌱	
𨌷	
𨌹	
𨌺	
𨌻	
𨍁	
𨍂	
𨍅	
𨍓	
𨍔	
𨍖	
𨍗	
𨍘	
𨍙	
𨍚	
𨍛	
𨍟	
𨍥	
𨍦	
𨍵	
𨍺	
𨍻	
𨍼	
𨍽	
𨍿	
𨎀	
𨎁	
𨎂	
𨎃	
𨎅	
𨎆	
𨎈	
𨎉	
𨎎	
𨎏	
𨎐	
𨎑	
𨎒	
𨎓	
𨎔	
𨎕	
𨎘	
𨎜	
𨎞	
𨎟	
𨎠	
𨎡	
𨎣	
𨎱	
𨎳	
𨎺	
𨎻	
𨎼	
𨎽	
𨎾	
𨏀	
𨏁	
𨏃	
𨏄	
𨏅	
𨏇	
𨏌	
𨏍	
𨏐	
𨏗	
𨏘	
𨏚	
𨏛	
𨏜	
𨏝	
𨏡	
𨏣	
𨏤	
𨏧	
𨏨	
𨏭	
𨏸	
𨏻	
𨏼	
𨏽	
𨐀	
𨐂	
𨐄	
𨐅	
𨐆	
𨐇	
𨐈	
𨐉	
𨐊	
𨐌	
𨐐	
𨐒	
𨐗	
𨐘	
𨐙	
𨐚	
𨐟	
𨐣	
𨐤	
𨐧	
𨐪	
𨐫	
𨐬	
𨐭	
𨐮	
𨐳	
𨐷	
𨐸	
𨐹	
𨐺	
𨐻	
𨐼	
𨐽	
𨐿	
𨑂	
𨑃	
𨑄	
𨑈	
𨑉	
𨑎	
𨑓	
𨑕	
𨑗	
𨑘	
𨑙	
𨑚	
𨑝	
𨑮	
𨑯	
𨑰	
𨑱	
𨑲	
𨑳	
𨑴	
𨑵	
𨑶	
𨑷	
𨑻	
𨑿	
𨒂	
𨒎	
𨒐	
𨒒	
𨒓	
𨒔	
𨒕	
𨒖	
𨒗	
𨒘	
𨒝	
𨒠	
𨒢	
𨒥	
𨒯	
𨒳	
𨒷	
𨒸	
𨒹	
𨒺	
𨒻	
𨒾	
𨓀	
𨓂	
𨓃	
𨓆	
𨓍	
𨓎	
𨓏	
𨓐	
𨓑	
𨓒	
𨓓	
𨓔	
𨓕	
𨓖	
𨓗	
𨓘	
𨓙	
𨓛	
𨓝	
𨓟	
𨓠	
𨓡	
𨓢	
𨓣	
𨓤	
𨓥	
𨓧	
𨓩	
𨓪	
𨓫	
𨓱	
𨓵	
𨓶	
𨓷	
𨓸	
𨓹	
𨓺	
𨓻	
𨓼	
𨔁	
𨔃	
𨔄	
𨔅	
𨔇	
𨔈	
𨔉	
𨔊	
𨔋	
𨔌	
𨔍	
𨔎	
𨔏	
𨔐	
𨔑	
𨔒	
𨔓	
𨔔	
𨔕	
𨔖	
𨔘	
𨔙	
𨔚	
𨔤	
𨔫	
𨔬	
𨔭	
𨔯	
𨔰	
𨔱	
𨔲	
𨔳	
𨔴	
𨔵	
𨔶	
𨔷	
𨔸	
𨔹	
𨔺	
𨔻	
𨔼	
𨔽	
𨔾	
𨔿	
𨕀	
𨕁	
𨕂	
𨕃	
𨕄	
𨕅	
𨕆	
𨕇	
𨕈	
𨕉	
𨕊	
𨕋	
𨕎	
𨕏	
𨕐	
𨕒	
𨕓	
𨕔	
𨕕	
𨕙	
𨕚	
𨕛	
𨕞	
𨕟	
𨕣	
𨕤	
𨕦	
𨕧	
𨕨	
𨕩	
𨕫	
𨕬	
𨕭	
𨕮	
𨕯	
𨕰	
𨕱	
𨕲	
𨕳	
𨕴	
𨕵	
𨕶	
𨕷	
𨕸	
𨕺	
𨕻	
𨕼	
𨕽	
𨕿	
𨖂	
𨖄	
𨖅	
𨖉	
𨖍	
𨖏	
𨖐	
𨖑	
𨖒	
𨖓	
𨖔	
𨖕	
𨖖	
𨖗	
𨖘	
𨖙	
𨖚	
𨖝	
𨖞	
𨖟	
𨖠	
𨖡	
𨖢	
𨖣	
𨖤	
𨖦	
𨖧	
𨖨	
𨖩	
𨖪	
𨖫	
𨖮	
𨖯	
𨖲	
𨖸	
𨖹	
𨖺	
𨖻	
𨖼	
𨖽	
𨗃	
𨗅	
𨗆	
𨗇	
𨗈	
𨗉	
𨗊	
𨗋	
𨗌	
𨗍	
𨗎	
𨗏	
𨗐	
𨗒	
𨗓	
𨗔	
𨗙	
𨗚	
𨗛	
𨗜	
𨗞	
𨗡	
𨗢	
𨗣	
𨗤	
𨗫	
𨗬	
𨗭	
𨗮	
𨗯	
𨗰	
𨗱	
𨗲	
𨗳	
𨗴	
𨗵	
𨗶	
𨗷	
𨗸	
𨗹	
𨗼	
𨗽	
𨗾	
𨘀	
𨘁	
𨘂	
𨘄	
𨘅	
𨘆	
𨘈	
𨘊	
𨘋	
𨘍	
𨘎	
𨘏	
𨘐	
𨘒	
𨘖	
𨘗	
𨘘	
𨘙	
𨘚	
𨘛	
𨘜	
𨘝	
𨘞	
𨘟	
𨘠	
𨘡	
𨘤	
𨘥	
𨘦	
𨘧	
𨘨	
𨘩	
𨘫	
𨘮	
𨘯	
𨘰	
𨘱	
𨘲	
𨘳	
𨘵	
𨘶	
𨘹	
𨘺	
𨘻	
𨘽	
𨘿	
𨙀	
𨙃	
𨙅	
𨙆	
𨙇	
𨙈	
𨙉	
𨙊	
𨙋	
𨙌	
𨙍	
𨙎	
𨙏	
𨙐	
𨙑	
𨙖	
𨙗	
𨙘	
𨙛	
𨙝	
𨙡	
𨙢	
𨙣	
𨙤	
𨙥	
𨙦	
𨙰	
𨙿	
𨚀	
𨚁	
𨚂	
𨚃	
𨚄	
𨚅	
𨚆	
𨚇	
𨚐	
𨚛	
𨚜	
𨚝	
𨚞	
𨚟	
𨚤	
𨚪	
𨚳	
𨚷	
𨚸	
𨚹	
𨚺	
𨚾	
𨛄	
𨛆	
𨛗	
𨛘	
𨛙	
𨛝	
𨛞	
𨛟	
𨛠	
𨛧	
𨛨	
𨛩	
𨛪	
𨛲	
𨛷	
𨛹	
𨛺	
𨛻	
𨛼	
𨛽	
𨛾	
𨜃	
𨜆	
𨜇	
𨜉	
𨜊	
𨜋	
𨜑	
𨜗	
𨜝	
𨜟	
𨜠	
𨜡	
𨜢	
𨜤	
𨜥	
𨜪	
𨜬	
𨜭	
𨜮	
𨜲	
𨜽	
𨝂	
𨝃	
𨝄	
𨝇	
𨝈	
𨝒	
𨝔	
𨝙	
𨝚	
𨝜	
𨝞	
𨝟	
𨝣	
𨝤	
𨝥	
𨝩	
𨝪	
𨝶	
𨝹	
𨝺	
𨝻	
𨝼	
𨝽	
𨝾	
𨝿	
𨞆	
𨞈	
𨞋	
𨞌	
𨞍	
𨞎	
𨞝	
𨞞	
𨞟	
𨞢	
𨞤	
𨞥	
𨞬	
𨞭	
𨞱	
𨞴	
𨞵	
𨞶	
𨞷	
𨞿	
𨟂	
𨟆	
𨟇	
𨟈	
𨟋	
𨟌	
𨟓	
𨟔	
𨟕	
𨟘	
𨟛	
𨟜	
𨟡	
𨟣	
𨟥	
𨟧	
𨟨	
𨟮	
𨠪	
𨠱	
𨠲	
𨠳	
𨠴	
𨠵	
𨠹	
𨠺	
𨠻	
𨠼	
𨠽	
𨡅	
𨡇	
𨡈	
𨡉	
𨡊	
𨡋	
𨡒	
𨡖	
𨡙	
𨡚	
𨡛	
𨡜	
𨡝	
𨡞	
𨡠	
𨡤	
𨡦	
𨡳	
𨡶	
𨡼	
𨡽	
𨡿	
𨢀	
𨢃	
𨢄	
𨢏	
𨢒	
𨢓	
𨢔	
𨢕	
𨢖	
𨢙	
𨢟	
𨢠	
𨢧	
𨢩	
𨢫	
𨢮	
𨢰	
𨢱	
𨢲	
𨢳	
𨢹	
𨢺	
𨣌	
𨣎	
𨣐	
𨣑	
𨣓	
𨣕	
𨣘	
𨣠	
𨣣	
𨣩	
𨣬	
𨣭	
𨣮	
𨣳	
𨣼	
𨣽	
𨤀	
𨤁	
𨤄	
𨤅	
𨤉	
𨤊	
𨤏	
𨤐	
𨤒	
𨤓	
𨤔	
𨤖	
𨤙	
𨤝	
𨤞	
𨤟	
𨤣	
𨤦	
𨤪	
𨤬	
𨤲	
𨤺	
𨤻	
𨤼	
𨤾	
𨥀	
𨥄	
𨥊	
𨥘	
𨥞	
𨥟	
𨥡	
𨥢	
𨥣	
𨥩	
𨥪	
𨥳	
𨥵	
𨥸	
𨥹	
𨦊	
𨦌	
𨦎	
𨦤	
𨦨	
𨧂	
𨧋	
𨧌	
𨧲	
𨧴	
𨧵	
𨨂	
𨨈	
𨨬	
𨨭	
𨨳	
𨨼	
𨨽	
𨨾	
𨩁	
𨩏	
𨩑	
𨩕	
𨩘	
𨩝	
𨩞	
𨩡	
𨩤	
𨩪	
𨩬	
𨩳	
𨩵	
𨩷	
𨩹	
𨩻	
𨩼	
𨪄	
𨪇	
𨪗	
𨪘	
𨪙	
𨪞	
𨪡	
𨪣	
𨪧	
𨪬	
𨪭	
𨪯	
𨪰	
𨪱	
𨪲	
𨪳	
𨪴	
𨪹	
𨪾	
𨪿	
𨫁	
𨫂	
𨫕	
𨫗	
𨫘	
𨫙	
𨫚	
𨫜	
𨫝	
𨫨	
𨫪	
𨫰	
𨫴	
𨫶	
𨫺	
𨬀	
𨬁	
𨬂	
𨬃	
𨬇	
𨬘	
𨬛	
𨬜	
𨬠	
𨬦	
𨬧	
𨬪	
𨬱	
𨬲	
𨬳	
𨬴	
𨬵	
𨬷	
𨬺	
𨬼	
𨬿	
𨭀	
𨭁	
𨭂	
𨭄	
𨭅	
𨭋	
𨭓	
𨭙	
𨭟	
𨭢	
𨭤	
𨭧	
𨭫	
𨭯	
𨭱	
𨭲	
𨭳	
𨭴	
𨭵	
𨭶	
𨭻	
𨭽	
𨭾	
𨮀	
𨮃	
𨮄	
𨮅	
𨮆	
𨮚	
𨮡	
𨮢	
𨮣	
𨮥	
𨮦	
𨮧	
𨮨	
𨮩	
𨮭	
𨮮	
𨮯	
𨮲	
𨮴	
𨮵	
𨮶	
𨮷	
𨮺	
𨮽	
𨮾	
𨯄	
𨯆	
𨯍	
𨯐	
𨯙	
𨯡	
𨯦	
𨯧	
𨯨	
𨯩	
𨯪	
𨯫	
𨯬	
𨯭	
𨯮	
𨯯	
𨯰	
𨯱	
𨯳	
𨯴	
𨯶	
𨯷	
𨯸	
𨯹	
𨯺	
𨯼	
𨯾	
𨯿	
𨰀	
𨰁	
𨰅	
𨰆	
𨰇	
𨰈	
𨰊	
𨰒	
𨰓	
𨰔	
𨰕	
𨰖	
𨰗	
𨰘	
𨰙	
𨰚	
𨰛	
𨰝	
𨰡	
𨰢	
𨰣	
𨰦	
𨰧	
𨰨	
𨰩	
𨰪	
𨰫	
𨰬	
𨰯	
𨰰	
𨰱	
𨰴	
𨰶	
𨰷	
𨰹	
𨰺	
𨰼	
𨰽	
𨰾	
𨰿	
𨱀	
𨱁	
𨱂	
𨱃	
𨱄	
𨱅	
𨱆	
𨱇	
𨱈	
𨱉	
𨱊	
𨱋	
𨱌	
𨱍	
𨱎	
𨱏	
𨱐	
𨱑	
𨱒	
𨱓	
𨱔	
𨱕	
𨱖	
𨱗	
𨱘	
𨱟	
𨱩	
𨱪	
𨱮	
𨱳	
𨱶	
𨱷	
𨱸	
𨱹	
𨱺	
𨱽	
𨱾	
𨲁	
𨲄	
𨲅	
𨲍	
𨲐	
𨲑	
𨲕	
𨲖	
𨲚	
𨲝	
𨲢	
𨲣	
𨲤	
𨲥	
𨲦	
𨲬	
𨲰	
𨲲	
𨲴	
𨲶	
𨲷	
𨲻	
𨲼	
𨲿	
𨳂	
𨳅	
𨳈	
𨳍	
𨳎	
𨳒	
𨳓	
𨳟	
𨳤	
𨳥	
𨳦	
𨳧	
𨳨	
𨳩	
𨳪	
𨳫	
𨳬	
𨳭	
𨳱	
𨴂	
𨴃	
𨴄	
𨴅	
𨴇	
𨴉	
𨴌	
𨴘	
𨴦	
𨴧	
𨴮	
𨴲	
𨴳	
𨴴	
𨴵	
𨴶	
𨴷	
𨴽	
𨵂	
𨵇	
𨵑	
𨵔	
𨵕	
𨵖	
𨵜	
𨵢	
𨵣	
𨵤	
𨵯	
𨵱	
𨵲	
𨵳	
𨵻	
𨵾	
𨶋	
𨶌	
𨶍	
𨶎	
𨶔	
𨶕	
𨶖	
𨶘	
𨶚	
𨶛	
𨶟	
𨶣	
𨶤	
𨶥	
𨶦	
𨶧	
𨶴	
𨶵	
𨶷	
𨶸	
𨶹	
𨶼	
𨷄	
𨷅	
𨷈	
𨷉	
𨷊	
𨷋	
𨷌	
𨷍	
𨷑	
𨷒	
𨷖	
𨷗	
𨷛	
𨷜	
𨷝	
𨷞	
𨷟	
𨷠	
𨷡	
𨷢	
𨷣	
𨷧	
𨷨	
𨷬	
𨷭	
𨷯	
𨷴	
𨷵	
𨷶	
𨷸	
𨷼	
𨷿	
𨸀	
𨸁	
𨸂	
𨸃	
𨸄	
𨸅	
𨸆	
𨸇	
𨸈	
𨸉	
𨸊	
𨸋	
𨸌	
𨸍	
𨸎	
𨸕	
𨸛	
𨸟	
𨸠	
𨸡	
𨸢	
𨸣	
𨸤	
𨸴	
𨸵	
𨸶	
𨸸	
𨸾	
𨹈	
𨹉	
𨹋	
𨹍	
𨹎	
𨹏	
𨹐	
𨹑	
𨹕	
𨹖	
𨹞	
𨹠	
𨹡	
𨹢	
𨹣	
𨹤	
𨹥	
𨹦	
𨹩	
𨹬	
𨹭	
𨹮	
𨹯	
𨹰	
𨹱	
𨹲	
𨹳	
𨹸	
𨹼	
𨹿	
𨺀	
𨺃	
𨺄	
𨺆	
𨺇	
𨺈	
𨺉	
𨺊	
𨺋	
𨺌	
𨺍	
𨺎	
𨺏	
𨺐	
𨺑	
𨺒	
𨺓	
𨺕	
𨺘	
𨺚	
𨺛	
𨺞	
𨺮	
𨺰	
𨺱	
𨺲	
𨺳	
𨺴	
𨺶	
𨺷	
𨺻	
𨺼	
𨺾	
𨺿	
𨻅	
𨻎	
𨻏	
𨻐	
𨻓	
𨻔	
𨻘	
𨻙	
𨻚	
𨻛	
𨻜	
𨻝	
𨻞	
𨻟	
𨻠	
𨻡	
𨻢	
𨻥	
𨻦	
𨻩	
𨻪	
𨻫	
𨻬	
𨻭	
𨻮	
𨻯	
𨻰	
𨻶	
𨼀	
𨼁	
𨼂	
𨼃	
𨼄	
𨼅	
𨼆	
𨼈	
𨼉	
𨼕	
𨼘	
𨼙	
𨼚	
𨼛	
𨼜	
𨼝	
𨼞	
𨼟	
𨼠	
𨼡	
𨼣	
𨼤	
𨼧	
𨼩	
𨼭	
𨼰	
𨼲	
𨼳	
𨼴	
𨼵	
𨼶	
𨼺	
𨼻	
𨼼	
𨽅	
𨽆	
𨽇	
𨽋	
𨽌	
𨽑	
𨽒	
𨽓	
𨽔	
𨽕	
𨽘	
𨽙	
𨽚	
𨽜	
𨽝	
𨽢	
𨽣	
𨽤	
𨽥	
𨽬	
𨽭	
𨽮	
𨽯	
𨽰	
𨽱	
𨽳	
𨽴	
𨽵	
𨽺	
𨽻	
𨽾	
𨾁	
𨾐	
𨾑	
𨾗	
𨾙	
𨾫	
𨾰	
𨾳	
𨿁	
𨿃	
𨿄	
𨿅	
𨿊	
𨿭	
𨿷	
𨿸	
𨿹	
𨿺	
𨿻	
𨿾	
𩀑	
𩀒	
𩀓	
𩀖	
𩀙	
𩀢	
𩀲	
𩀳	
𩀼	
𩁁	
𩁑	
𩁙	
𩁚	
𩁛	
𩁢	
𩁣	
𩁤	
𩁦	
𩁩	
𩁪	
𩁫	
𩁬	
𩁭	
𩁮	
𩁰	
𩁱	
𩁲	
𩁳	
𩁶	
𩁸	
𩁽	
𩁾	
𩁿	
𩂀	
𩂁	
𩂊	
𩂋	
𩂌	
𩂏	
𩂐	
𩂑	
𩂒	
𩂙	
𩂚	
𩂛	
𩂜	
𩂟	
𩂠	
𩂪	
𩂫	
𩂬	
𩂭	
𩂮	
𩂯	
𩂰	
𩂱	
𩂲	
𩂵	
𩂶	
𩃂	
𩃃	
𩃄	
𩃅	
𩃆	
𩃇	
𩃈	
𩃉	
𩃊	
𩃍	
𩃑	
𩃢	
𩃣	
𩃤	
𩃥	
𩃦	
𩃧	
𩃨	
𩃩	
𩃪	
𩃫	
𩃰	
𩃲	
𩃳	
𩃴	
𩃻	
𩃽	
𩃾	
𩃿	
𩄀	
𩄂	
𩄃	
𩄇	
𩄉	
𩄍	
𩄎	
𩄏	
𩄐	
𩄑	
𩄒	
𩄓	
𩄔	
𩄕	
𩄗	
𩄣	
𩄤	
𩄥	
𩄦	
𩄨	
𩄩	
𩄪	
𩄫	
𩄰	
𩄱	
𩄲	
𩄳	
𩄴	
𩄵	
𩄶	
𩄷	
𩄸	
𩄹	
𩄼	
𩄿	
𩅅	
𩅆	
𩅉	
𩅊	
𩅋	
𩅌	
𩅎	
𩅏	
𩅐	
𩅑	
𩅒	
𩅓	
𩅕	
𩅖	
𩅗	
𩅘	
𩅙	
𩅚	
𩅛	
𩅜	
𩅣	
𩅤	
𩅫	
𩅬	
𩅭	
𩅯	
𩅲	
𩅶	
𩅷	
𩅸	
𩅹	
𩅺	
𩅻	
𩆀	
𩆇	
𩆈	
𩆉	
𩆊	
𩆋	
𩆍	
𩆏	
𩆐	
𩆒	
𩆗	
𩆘	
𩆙	
𩆛	
𩆜	
𩆝	
𩆠	
𩆡	
𩆢	
𩆥	
𩆧	
𩆨	
𩆪	
𩆫	
𩆬	
𩆱	
𩆲	
𩆳	
𩆴	
𩆹	
𩆽	
𩆾	
𩇀	
𩇂	
𩇃	
𩇅	
𩇆	
𩇈	
𩇉	
𩇊	
𩇌	
𩇍	
𩇎	
𩇑	
𩇒	
𩇓	
𩇘	
𩇙	
𩇚	
𩇞	
𩇡	
𩇢	
𩇤	
𩇥	
𩇦	
𩇬	
𩇰	
𩇲	
𩇳	
𩇷	
𩇿	
𩈂	
𩈒	
𩈓	
𩈘	
𩈙	
𩈝	
𩈞	
𩈠	
𩈧	
𩈩	
𩈪	
𩈰	
𩈾	
𩈿	
𩉃	
𩉅	
𩉈	
𩉉	
𩉎	
𩉒	
𩉛	
𩉭	
𩉮	
𩉳	
𩉴	
𩉶	
𩊋	
𩊠	
𩊤	
𩊱	
𩊵	
𩊸	
𩊼	
𩊽	
𩊾	
𩋑	
𩋔	
𩋕	
𩋛	
𩋱	
𩋲	
𩋳	
𩋴	
𩋹	
𩋺	
𩌀	
𩌂	
𩌒	
𩌓	
𩌔	
𩌕	
𩌖	
𩌗	
𩌛	
𩌞	
𩌟	
𩌠	
𩌣	
𩌤	
𩌮	
𩌯	
𩌳	
𩌴	
𩌵	
𩌶	
𩌷	
𩌸	
𩌽	
𩌿	
𩍈	
𩍊	
𩍋	
𩍌	
𩍒	
𩍔	
𩍞	
𩍠	
𩍢	
𩍣	
𩍫	
𩍯	
𩍱	
𩍲	
𩍳	
𩍷	
𩍸	
𩍺	
𩍻	
𩍽	
𩎁	
𩎂	
𩎅	
𩎇	
𩎋	
𩎏	
𩎐	
𩎞	
𩎢	
𩎩	
𩎲	
𩎳	
𩎴	
𩎷	
𩏀	
𩏁	
𩏉	
𩏎	
𩏖	
𩏛	
𩏟	
𩏤	
𩏦	
𩏳	
𩏴	
𩏶	
𩏸	
𩏼	
𩏽	
𩏾	
𩏿	
𩐀	
𩐆	
𩐇	
𩐈	
𩐊	
𩐑	
𩐒	
𩐓	
𩐔	
𩐕	
𩐗	
𩐝	
𩐦	
𩐩	
𩐪	
𩐬	
𩐮	
𩐯	
𩐰	
𩐲	
𩐳	
𩐶	
𩐷	
𩐸	
𩐽	
𩐾	
𩑄	
𩑅	
𩑆	
𩑇	
𩑍	
𩑎	
𩑡	
𩑨	
𩑫	
𩑭	
𩑿	
𩒁	
𩒅	
𩒋	
𩒌	
𩒍	
𩒔	
𩒞	
𩒟	
𩒠	
𩒡	
𩒣	
𩒤	
𩒩	
𩒪	
𩒬	
𩒭	
𩒶	
𩒸	
𩒻	
𩓃	
𩓇	
𩓈	
𩓉	
𩓊	
𩓋	
𩓌	
𩓍	
𩓎	
𩓒	
𩓔	
𩓕	
𩓙	
𩓚	
𩓛	
𩓜	
𩓠	
𩓬	
𩓮	
𩓯	
𩓰	
𩓱	
𩓲	
𩓳	
𩓴	
𩓵	
𩓶	
𩓷	
𩓸	
𩓻	
𩓼	
𩔄	
𩔅	
𩔌	
𩔍	
𩔎	
𩔏	
𩔐	
𩔛	
𩔟	
𩔤	
𩔩	
𩔪	
𩔫	
𩔬	
𩔭	
𩔯	
𩔰	
𩔺	
𩔽	
𩔾	
𩔿	
𩕂	
𩕅	
𩕇	
𩕈	
𩕎	
𩕑	
𩕕	
𩕖	
𩕘	
𩕙	
𩕚	
𩕛	
𩕝	
𩕠	
𩕣	
𩕤	
𩕥	
𩕩	
𩕫	
𩕰	
𩕴	
𩕵	
𩕷	
𩕸	
𩕻	
𩕽	
𩕿	
𩖂	
𩖃	
𩖄	
𩖅	
𩖆	
𩖈	
𩖋	
𩖎	
𩖑	
𩖕	
𩖖	
𩖗	
𩖞	
𩖟	
𩖩	
𩖪	
𩖫	
𩗂	
𩗃	
𩗅	
𩗌	
𩗍	
𩗝	
𩗟	
𩗠	
𩗡	
𩗦	
𩗸	
𩗹	
𩗺	
𩗻	
𩘂	
𩘄	
𩘔	
𩘙	
𩘛	
𩘠	
𩘡	
𩘢	
𩘣	
𩘤	
𩘦	
𩘨	
𩘩	
𩘪	
𩘫	
𩘬	
𩘴	
𩘸	
𩙀	
𩙉	
𩙋	
𩙌	
𩙍	
𩙎	
𩙏	
𩙓	
𩙕	
𩙗	
𩙟	
𩙠	
𩙢	
𩙣	
𩙤	
𩙥	
𩙦	
𩙧	
𩙨	
𩙩	
𩙪	
𩙫	
𩙬	
𩙭	
𩙮	
𩙯	
𩙰	
𩙳	
𩙵	
𩙹	
𩙻	
𩙿	
𩚁	
𩚃	
𩚆	
𩚌	
𩚔	
𩚝	
𩚟	
𩚠	
𩚤	
𩚦	
𩚧	
𩚺	
𩚻	
𩚼	
𩚽	
𩛀	
𩛂	
𩛃	
𩛄	
𩛅	
𩛈	
𩛋	
𩛌	
𩛎	
𩛏	
𩛔	
𩛕	
𩛖	
𩛗	
𩛙	
𩛜	
𩛥	
𩛪	
𩛫	
𩛬	
𩛰	
𩛱	
𩛶	
𩛷	
𩛸	
𩛹	
𩜆	
𩜖	
𩜘	
𩜙	
𩜚	
𩜛	
𩜜	
𩜝	
𩜞	
𩜡	
𩜣	
𩜧	
𩜨	
𩜩	
𩜪	
𩜫	
𩝀	
𩝁	
𩝂	
𩝃	
𩝄	
𩝅	
𩝆	
𩝒	
𩝓	
𩝖	
𩝘	
𩝜	
𩝨	
𩝩	
𩝭	
𩝮	
𩝯	
𩝰	
𩝱	
𩝲	
𩝵	
𩝶	
𩝺	
𩝻	
𩞃	
𩞒	
𩞓	
𩞔	
𩞕	
𩞖	
𩞗	
𩞛	
𩞜	
𩞝	
𩞞	
𩞟	
𩞠	
𩞣	
𩞮	
𩞯	
𩞰	
𩞱	
𩞳	
𩞴	
𩞶	
𩞷	
𩞺	
𩟉	
𩟌	
𩟍	
𩟎	
𩟏	
𩟑	
𩟒	
𩟚	
𩟜	
𩟝	
𩟟	
𩟡	
𩟢	
𩟣	
𩟤	
𩟨	
𩟫	
𩟬	
𩟲	
𩟳	
𩟴	
𩟵	
𩟸	
𩟹	
𩟻	
𩟼	
𩟾	
𩟿	
𩠀	
𩠁	
𩠂	
𩠃	
𩠄	
𩠅	
𩠆	
𩠇	
𩠈	
𩠉	
𩠊	
𩠋	
𩠌	
𩠍	
𩠎	
𩠏	
𩠓	
𩠔	
𩠘	
𩠟	
𩠠	
𩠥	
𩠧	
𩠨	
𩠩	
𩠭	
𩠮	
𩠰	
𩠱	
𩠳	
𩠴	
𩠵	
𩠷	
𩠸	
𩠺	
𩡁	
𩡂	
𩡆	
𩡇	
𩡉	
𩡋	
𩡍	
𩡏	
𩡑	
𩡒	
𩡖	
𩡗	
𩡙	
𩡛	
𩡜	
𩡞	
𩡟	
𩡥	
𩡦	
𩡬	
𩡭	
𩡮	
𩡴	
𩡶	
𩡹	
𩢀	
𩢁	
𩢂	
𩢃	
𩢆	
𩢋	
𩢏	
𩢟	
𩢢	
𩢣	
𩢤	
𩢥	
𩢦	
𩢩	
𩢬	
𩢯	
𩢶	
𩣁	
𩣃	
𩣄	
𩣆	
𩣇	
𩣈	
𩣉	
𩣎	
𩣐	
𩣓	
𩣔	
𩣛	
𩣤	
𩣥	
𩣦	
𩣧	
𩣨	
𩣪	
𩣰	
𩣴	
𩤂	
𩤃	
𩤄	
𩤅	
𩤆	
𩤇	
𩤋	
𩤍	
𩤑	
𩤔	
𩤕	
𩤖	
𩤗	
𩤬	
𩤭	
𩤮	
𩤯	
𩤰	
𩤱	
𩤷	
𩤻	
𩤼	
𩤿	
𩥍	
𩥏	
𩥒	
𩥔	
𩥕	
𩥘	
𩥙	
𩥚	
𩥛	
𩥜	
𩥝	
𩥟	
𩥡	
𩥤	
𩥥	
𩥨	
𩥩	
𩥪	
𩥱	
𩥵	
𩥶	
𩥷	
𩥸	
𩥹	
𩥺	
𩥻	
𩥾	
𩦁	
𩦄	
𩦈	
𩦏	
𩦒	
𩦓	
𩦔	
𩦕	
𩦖	
𩦗	
𩦘	
𩦝	
𩦩	
𩦪	
𩦫	
𩦬	
𩦭	
𩦳	
𩦴	
𩦸	
𩦻	
𩦿	
𩧁	
𩧌	
𩧍	
𩧑	
𩧒	
𩧕	
𩧖	
𩧞	
𩧟	
𩧠	
𩧣	
𩧦	
𩧧	
𩧨	
𩧩	
𩧪	
𩧫	
𩧬	
𩧮	
𩧻	
𩨃	
𩨆	
𩨇	
𩨈	
𩨉	
𩨊	
𩨌	
𩨍	
𩨎	
𩨏	
𩨥	
𩨦	
𩨧	
𩨪	
𩨶	
𩨷	
𩨺	
𩨼	
𩩀	
𩩃	
𩩆	
𩩇	
𩩈	
𩩏	
𩩐	
𩩖	
𩩙	
𩩜	
𩩨	
𩩩	
𩩪	
𩩫	
𩩬	
𩩷	
𩩼	
𩩾	
𩩿	
𩪇	
𩪏	
𩪒	
𩪓	
𩪔	
𩪝	
𩪞	
𩪟	
𩪨	
𩪩	
𩪪	
𩪫	
𩪬	
𩪯	
𩪰	
𩪵	
𩪶	
𩪻	
𩪽	
𩫄	
𩫅	
𩫆	
𩫊	
𩫋	
𩫌	
𩫎	
𩫐	
𩫒	
𩫔	
𩫗	
𩫘	
𩫪	
𩬄	
𩬋	
𩬒	
𩬓	
𩬛	
𩬣	
𩬰	
𩬷	
𩬼	
𩭎	
𩭕	
𩮁	
𩮇	
𩮉	
𩮊	
𩮍	
𩮒	
𩮓	
𩮔	
𩮕	
𩮟	
𩮤	
𩮥	
𩮦	
𩮧	
𩮨	
𩮩	
𩮪	
𩮫	
𩮭	
𩮺	
𩮻	
𩮼	
𩮽	
𩮿	
𩯀	
𩯁	
𩯂	
𩯍	
𩯒	
𩯓	
𩯔	
𩯕	
𩯖	
𩯙	
𩯠	
𩯡	
𩯢	
𩯥	
𩯧	
𩯪	
𩯫	
𩯬	
𩯭	
𩯮	
𩯯	
𩯴	
𩯵	
𩯷	
𩯹	
𩯻	
𩯾	
𩰄	
𩰇	
𩰈	
𩰉	
𩰌	
𩰖	
𩰗	
𩰘	
𩰚	
𩰛	
𩰜	
𩰦	
𩰧	
𩰨	
𩰩	
𩰪	
𩰰	
𩰺	
𩰼	
𩰽	
𩱀	
𩱁	
𩱊	
𩱌	
𩱑	
𩱒	
𩱕	
𩱙	
𩱝	
𩱥	
𩱩	
𩱪	
𩱬	
𩱰	
𩱺	
𩲆	
𩲇	
𩲒	
𩲓	
𩲔	
𩲕	
𩲖	
𩲗	
𩲛	
𩲧	
𩲬	
𩲭	
𩲮	
𩲯	
𩲰	
𩲹	
𩲿	
𩳂	
𩳄	
𩳇	
𩳨	
𩳭	
𩳯	
𩳰	
𩳹	
𩳺	
𩴏	
𩴓	
𩴚	
𩴛	
𩴥	
𩴫	
𩴬	
𩴭	
𩴯	
𩴰	
𩴴	
𩴼	
𩴽	
𩴾	
𩵆	
𩵉	
𩵊	
𩵑	
𩵸	
𩵿	
𩶍	
𩶓	
𩶞	
𩶳	
𩷢	
𩷷	
𩷸	
𩸈	
𩸟	
𩸠	
𩸡	
𩸼	
𩹋	
𩹌	
𩹑	
𩹒	
𩹙	
𩹚	
𩹣	
𩹦	
𩺁	
𩺄	
𩺅	
𩺋	
𩺌	
𩺎	
𩺏	
𩺒	
𩺔	
𩺕	
𩺖	
𩺚	
𩺜	
𩺠	
𩺭	
𩻄	
𩻎	
𩻐	
𩻢	
𩻧	
𩻨	
𩻯	
𩻲	
𩻴	
𩼄	
𩼍	
𩼏	
𩼐	
𩼑	
𩼖	
𩼚	
𩼞	
𩼡	
𩼥	
𩼩	
𩼮	
𩼵	
𩼻	
𩼾	
𩼿	
𩽃	
𩽕	
𩽘	
𩽟	
𩽠	
𩽫	
𩾻	
𩿆	
𩿌	
𩿭	
𩿮	
𪀑	
𪀡	
𪀱	
𪀲	
𪀶	
𪀺	
𪁁	
𪁡	
𪁯	
𪁷	
𪂐	
𪂗	
𪂛	
𪂨	
𪃇	
𪃖	
𪃚	
𪃟	
𪃲	
𪃴	
𪃵	
𪃷	
𪃸	
𪄃	
𪄋	
𪄍	
𪄏	
𪄐	
𪄑	
𪄒	
𪄓	
𪄔	
𪄗	
𪄣	
𪄤	
𪄥	
𪄦	
𪄧	
𪄨	
𪄬	
𪄰	
𪄺	
𪄽	
𪄾	
𪅈	
𪅉	
𪅊	
𪅏	
𪅐	
𪅑	
𪅒	
𪅓	
𪅔	
𪅕	
𪅞	
𪅢	
𪅣	
𪅤	
𪅥	
𪅦	
𪅧	
𪅨	
𪅩	
𪅪	
𪅫	
𪅬	
𪅭	
𪅵	
𪅷	
𪅻	
𪆅	
𪆈	
𪆌	
𪆍	
𪆎	
𪆏	
𪆐	
𪆑	
𪆒	
𪆓	
𪆔	
𪆕	
𪆣	
𪆤	
𪆥	
𪆦	
𪆧	
𪆨	
𪆬	
𪆮	
𪆱	
𪆾	
𪆿	
𪇃	
𪇄	
𪇋	
𪇌	
𪇍	
𪇎	
𪇏	
𪇐	
𪇙	
𪇛	
𪇜	
𪇞	
𪇟	
𪇠	
𪇢	
𪇤	
𪇨	
𪇩	
𪇪	
𪇫	
𪇻	
𪇼	
𪈀	
𪈅	
𪈈	
𪈊	
𪈋	
𪈍	
𪈎	
𪈑	
𪈕	
𪈞	
𪈠	
𪈢	
𪈣	
𪈪	
𪈭	
𪈱	
𪈲	
𪈵	
𪈶	
𪈽	
𪈾	
𪉀	
𪉁	
𪉂	
𪉃	
𪉄	
𪉅	
𪉆	
𪉇	
𪉈	
𪉉	
𪉊	
𪉋	
𪉌	
𪉍	
𪉎	
𪉏	
𪉐	
𪉑	
𪉒	
𪉓	
𪉔	
𪉕	
𪉙	
𪉠	
𪉡	
𪉢	
𪉥	
𪉩	
𪉲	
𪉴	
𪉶	
𪉹	
𪉽	
𪉾	
𪊁	
𪊂	
𪊅	
𪊌	
𪊎	
𪊝	
𪊞	
𪊟	
𪊠	
𪊡	
𪊩	
𪊮	
𪊲	
𪊻	
𪊼	
𪊽	
𪊾	
𪊿	
𪋃	
𪋒	
𪋕	
𪋙	
𪋚	
𪋛	
𪋞	
𪋟	
𪋠	
𪋢	
𪋭	
𪋱	
𪋳	
𪋴	
𪋷	
𪋺	
𪋿	
𪌜	
𪌝	
𪌠	
𪌥	
𪌦	
𪌨	
𪌴	
𪌸	
𪍊	
𪍋	
𪍔	
𪍕	
𪍖	
𪍙	
𪍢	
𪍫	
𪍭	
𪍰	
𪍾	
𪎈	
𪎉	
𪎊	
𪎋	
𪎌	
𪎍	
𪎎	
𪎏	
𪎐	
𪎟	
𪎢	
𪎩	
𪎬	
𪎳	
𪎾	
𪏃	
𪏄	
𪏍	
𪏎	
𪏏	
𪏖	
𪏠	
𪏣	
𪏧	
𪏩	
𪏫	
𪏭	
𪏼	
𪏽	
𪏾	
𪐇	
𪐊	
𪐑	
𪐒	
𪐕	
𪐢	
𪐵	
𪐶	
𪐷	
𪐸	
𪐾	
𪑄	
𪑅	
𪑉	
𪑍	
𪑑	
𪑘	
𪑠	
𪑡	
𪑢	
𪑤	
𪑥	
𪑵	
𪑺	
𪒁	
𪒂	
𪒇	
𪒈	
𪒌	
𪒍	
𪒎	
𪒖	
𪒗	
𪒣	
𪒤	
𪒦	
𪒧	
𪒨	
𪒱	
𪒳	
𪒶	
𪒷	
𪒸	
𪒻	
𪒽	
𪒾	
𪓆	
𪓇	
𪓈	
𪓉	
𪓍	
𪓏	
𪓕	
𪓗	
𪓝	
𪓞	
𪓠	
𪓣	
𪓤	
𪓥	
𪓪	
𪓫	
𪓳	
𪓴	
𪓶	
𪓺	
𪓻	
𪓾	
𪔀	
𪔁	
𪔂	
𪔇	
𪔏	
𪔒	
𪔚	
𪔠	
𪔡	
𪔤	
𪔭	
𪔲	
𪔴	
𪔶	
𪔹	
𪕕	
𪕖	
𪕦	
𪕻	
𪕽	
𪕿	
𪖑	
𪖜	
𪖠	
𪖧	
𪖩	
𪖫	
𪖬	
𪖭	
𪖱	
𪖴	
𪖸	
𪖹	
𪖺	
𪖻	
𪖿	
𪗀	
𪗄	
𪗎	
𪗑	
𪗒	
𪗓	
𪗚	
𪗟	
𪗣	
𪗱	
𪗲	
𪗽	
𪘂	
𪘋	
𪘌	
𪘗	
𪘙	
𪘚	
𪘠	
𪘫	
𪘯	
𪘵	
𪘻	
𪙂	
𪙄	
𪙅	
𪙓	
𪙙	
𪙚	
𪙠	
𪙢	
𪙦	
𪙩	
𪙯	
𪙱	
𪙶	
𪙼	
𪚀	
𪚆	
𪚊	
𪚏	
𪚐	
𪚚	
𪚛	
𪚤	
𪚨	
𪚩	
𪚲	
𪚳	
𪚴	
𪛀	
𪛁	
𪛄	
𪛅	
𪛆	
𪛇	
𪛉	
𪛍	
𪛐	
𪛑	
丽	
丸	
乁	
𠄢	
你	
侮	
侻	
倂	
偺	
備	
僧	
像	
㒞	
𠘺	
免	
兔	
兤	
具	
𠔜	
㒹	
內	
再	
𠕋	
冗	
冤	
仌	
冬	
况	
𩇟	
凵	
刃	
㓟	
刻	
剆	
割	
剷	
㔕	
勇	
勉	
勤	
勺	
包	
匆	
北	
卉	
卑	
博	
即	
卽	
卿	
卿	
卿	
𠨬	
灰	
及	
叟	
𠭣	
叫	
叱	
吆	
咞	
吸	
呈	
周	
咢	
哶	
唐	
啓	
啣	
善	
善	
喙	
喫	
喳	
嗂	
圖	
嘆	
圗	
噑	
噴	
切	
壮	
城	
埴	
堍	
型	
堲	
報	
墬	
𡓤	
売	
壷	
夆	
多	
夢	
奢	
𡚨	
𡛪	
姬	
娛	
娧	
姘	
婦	
㛮	
㛼	
嬈	
嬾	
嬾	
𡧈	
寃	
寘	
寧	
寳	
𡬘	
寿	
将	
当	
尢	
㞁	
屠	
屮	
峀	
岍	
𡷤	
嵃	
𡷦	
嵮	
嵫	
嵼	
巡	
巢	
㠯	
巽	
帨	
帽	
幩	
㡢	
𢆃	
㡼	
庰	
庳	
庶	
廊	
𪎒	
廾	
𢌱	
𢌱	
舁	
弢	
弢	
㣇	
𣊸	
𦇚	
形	
彫	
㣣	
徚	
忍	
志	
忹	
悁	
㤺	
㤜	
悔	
𢛔	
惇	
慈	
慌	
慎	
慌	
慺	
憎	
憲	
憤	
憯	
懞	
懲	
懶	
成	
戛	
扝	
抱	
拔	
捐	
𢬌	
挽	
拼	
捨	
掃	
揤	
𢯱	
搢	
揅	
掩	
㨮	
摩	
摾	
撝	
摷	
㩬	
敏	
敬	
𣀊	
旣	
書	
晉	
㬙	
暑	
㬈	
㫤	
冒	
冕	
最	
暜	
肭	
䏙	
朗	
望	
朡	
杞	
杓	
𣏃	
㭉	
柺	
枅	
桒	
梅	
𣑭	
梎	
栟	
椔	
㮝	
楂	
榣	
槪	
檨	
𣚣	
櫛	
㰘	
次	
𣢧	
歔	
㱎	
歲	
殟	
殺	
殻	
𣪍	
𡴋	
𣫺	
汎	
𣲼	
沿	
泍	
汧	
洖	
派	
海	
流	
浩	
浸	
涅	
𣴞	
洴	
港	
湮	
㴳	
滋	
滇	
𣻑	
淹	
潮	
𣽞	
𣾎	
濆	
瀹	
瀞	
瀛	
㶖	
灊	
災	
灷	
炭	
𠔥	
煅	
𤉣	
熜	
𤎫	
爨	
爵	
牐	
𤘈	
犀	
犕	
𤜵	
𤠔	
獺	
王	
㺬	
玥	
㺸	
㺸	
瑇	
瑜	
瑱	
璅	
瓊	
㼛	
甤	
𤰶	
甾	
𤲒	
異	
𢆟	
瘐	
𤾡	
𤾸	
𥁄	
㿼	
䀈	
直	
𥃳	
𥃲	
𥄙	
𥄳	
眞	
真	
真	
睊	
䀹	
瞋	
䁆	
䂖	
𥐝	
硎	
碌	
磌	
䃣	
𥘦	
祖	
𥚚	
𥛅	
福	
秫	
䄯	
穀	
穊	
穏	
𥥼	
𥪧	
𥪧	
竮	
䈂	
𥮫	
篆	
築	
䈧	
𥲀	
糒	
䊠	
糨	
糣	
紀	
𥾆	
絣	
䌁	
緇	
縂	
繅	
䌴	
𦈨	
𦉇	
䍙	
𦋙	
罺	
𦌾	
羕	
翺	
者	
𦓚	
𦔣	
聠	
𦖨	
聰	
𣍟	
䏕	
育	
脃	
䐋	
脾	
媵	
𦞧	
𦞵	
𣎓	
𣎜	
舁	
舄	
辞	
䑫	
芑	
芋	
芝	
劳	
花	
芳	
芽	
苦	
𦬼	
若	
茝	
荣	
莭	
茣	
莽	
菧	
著	
荓	
菊	
菌	
菜	
𦰶	
𦵫	
𦳕	
䔫	
蓱	
蓳	
蔖	
𧏊	
蕤	
𦼬	
䕝	
䕡	
𦾱	
𧃒	
䕫	
虐	
虜	
虧	
虩	
蚩	
蚈	
蜎	
蛢	
蝹	
蜨	
蝫	
螆	
䗗	
蟡	
蠁	
䗹	
衠	
衣	
𧙧	
裗	
裞	
䘵	
裺	
㒻	
𧢮	
𧥦	
䚾	
䛇	
誠	
諭	
變	
豕	
𧲨	
貫	
賁	
贛	
起	
𧼯	
𠠄	
跋	
趼	
跰	
𠣞	
軔	
輸	
𨗒	
𨗭	
邔	
郱	
鄑	
𨜮	
鄛	
鈸	
鋗	
鋘	
鉼	
鏹	
鐕	
𨯺	
開	
䦕	
閷	
𨵷	
䧦	
雃	
嶲	
霣	
𩅅	
𩈚	
䩮	
䩶	
韠	
𩐊	
䪲	
𩒖	
頋	
頋	
頩	
𩖶	
飢	
䬳	
餩	
馧	
駂	
駾	
䯎	
𩬰	
鬒	
鱀	
鳽	
䳎	
䳭	
鵧	
𪃎	
䳸	
𪄅	
𪈎	
𪊑	
麻	
䵖	
黹	
黾	
鼅	
鼏	
鼖	
鼻	
𪘀	
